Pclass,Embarked,cabine_prefix,Ticket_str,NameTitle,Fare,SibSp,Parch,Age_Mean,Ticket_int,Survived,PassengerId,ReferenceDate,dataset
3,S,missing,A,Mr,7.25,1.0,0.0,22.0,521171.0,0,1,1912-05,train
1,C,C,PC,Mrs,71.2833,1.0,0.0,38.0,17599.0,1,2,1912-04,train
3,S,missing,STONO,Miss,7.925,0.0,0.0,26.0,23101282.0,1,3,1912-06,train
1,S,C,missing,Mrs,53.1,1.0,0.0,35.0,113803.0,1,4,1912-04,train
3,S,missing,missing,Mr,8.05,0.0,0.0,35.0,373450.0,0,5,1912-07,test
3,Q,missing,missing,Mr,8.4583,0.0,0.0,29.69911764705882,330877.0,0,6,1912-07,test
1,S,E,missing,Mr,51.8625,0.0,0.0,54.0,17463.0,0,7,1912-07,test
3,S,missing,missing,Master,21.075,3.0,1.0,2.0,349909.0,0,8,1912-07,test
3,S,missing,missing,Mrs,11.1333,0.0,2.0,27.0,347742.0,1,9,1912-05,train
2,C,missing,missing,Mrs,30.0708,1.0,0.0,14.0,237736.0,1,10,1912-04,train
3,S,G,PPP,Miss,16.7,1.0,1.0,4.0,9549.0,1,11,1912-07,test
1,S,C,missing,Miss,26.55,0.0,0.0,58.0,113783.0,1,12,1912-04,train
3,S,missing,A,Mr,8.05,0.0,0.0,20.0,52151.0,0,13,1912-07,test
3,S,missing,missing,Mr,31.275,1.0,5.0,39.0,347082.0,0,14,1912-07,test
3,S,missing,missing,Miss,7.8542,0.0,0.0,14.0,350406.0,0,15,1912-04,train
2,S,missing,missing,Mrs,16.0,0.0,0.0,55.0,248706.0,1,16,1912-07,test
3,Q,missing,missing,Master,29.125,4.0,1.0,2.0,382652.0,0,17,1912-06,train
2,S,missing,missing,Mr,13.0,0.0,0.0,29.69911764705882,244373.0,1,18,1912-05,train
3,S,missing,missing,Mrs,18.0,1.0,0.0,31.0,345763.0,0,19,1912-04,train
3,C,missing,missing,Mrs,7.225,0.0,0.0,29.69911764705882,2649.0,1,20,1912-06,train
2,S,missing,missing,Mr,26.0,0.0,0.0,35.0,239865.0,0,21,1912-04,train
2,S,D,missing,Mr,13.0,0.0,0.0,34.0,248698.0,1,22,1912-04,train
3,Q,missing,missing,Miss,8.0292,0.0,0.0,15.0,330923.0,1,23,1912-04,train
1,S,A,missing,Mr,35.5,0.0,0.0,28.0,113788.0,1,24,1912-04,train
3,S,missing,missing,Miss,21.075,3.0,1.0,8.0,349909.0,0,25,1912-07,test
3,S,missing,missing,Mrs,31.3875,1.0,5.0,38.0,347077.0,1,26,1912-05,train
3,C,missing,missing,Mr,7.225,0.0,0.0,29.69911764705882,2631.0,0,27,1912-07,test
1,S,C,missing,Mr,263.0,3.0,2.0,19.0,19950.0,0,28,1912-04,train
3,Q,missing,missing,Miss,7.8792,0.0,0.0,29.69911764705882,330959.0,1,29,1912-05,train
3,S,missing,missing,Mr,7.8958,0.0,0.0,29.69911764705882,349216.0,0,30,1912-07,test
1,C,missing,PC,LOW,27.7208,0.0,0.0,40.0,17601.0,0,31,1912-07,test
1,C,B,PC,Mrs,146.5208,1.0,0.0,29.69911764705882,17569.0,1,32,1912-05,train
3,Q,missing,missing,Miss,7.75,0.0,0.0,29.69911764705882,335677.0,1,33,1912-06,train
2,S,missing,CA,Mr,10.5,0.0,0.0,66.0,24579.0,0,34,1912-05,train
1,C,missing,PC,Mr,82.1708,1.0,0.0,28.0,17604.0,0,35,1912-05,train
1,S,missing,missing,Mr,52.0,1.0,0.0,42.0,113789.0,0,36,1912-07,test
3,C,missing,missing,Mr,7.2292,0.0,0.0,29.69911764705882,2677.0,1,37,1912-06,train
3,S,missing,A,Mr,8.05,0.0,0.0,21.0,52152.0,0,38,1912-04,train
3,S,missing,missing,Miss,18.0,2.0,0.0,18.0,345764.0,0,39,1912-07,test
3,C,missing,missing,Miss,11.2417,1.0,0.0,14.0,2651.0,1,40,1912-04,train
3,S,missing,missing,Mrs,9.475,1.0,0.0,40.0,7546.0,0,41,1912-05,train
2,S,missing,missing,Mrs,21.0,1.0,0.0,27.0,11668.0,0,42,1912-06,train
3,C,missing,missing,Mr,7.8958,0.0,0.0,29.69911764705882,349253.0,0,43,1912-04,train
2,C,missing,SCParis,Miss,41.5792,1.0,2.0,3.0,2123.0,1,44,1912-06,train
3,Q,missing,missing,Miss,7.8792,0.0,0.0,19.0,330958.0,1,45,1912-07,test
3,S,missing,LOW,Mr,8.05,0.0,0.0,29.69911764705882,423567.0,0,46,1912-05,train
3,Q,missing,missing,Mr,15.5,1.0,0.0,29.69911764705882,370371.0,0,47,1912-06,train
3,Q,missing,missing,Miss,7.75,0.0,0.0,29.69911764705882,14311.0,1,48,1912-06,train
3,C,missing,missing,Mr,21.6792,2.0,0.0,29.69911764705882,2662.0,0,49,1912-07,test
3,S,missing,missing,Mrs,17.8,1.0,0.0,18.0,349237.0,0,50,1912-07,test
3,S,missing,missing,Master,39.6875,4.0,1.0,7.0,3101295.0,0,51,1912-04,train
3,S,missing,A,Mr,7.8,0.0,0.0,21.0,439886.0,0,52,1912-07,test
1,C,D,PC,Mrs,76.7292,1.0,0.0,49.0,17572.0,1,53,1912-05,train
2,S,missing,missing,Mrs,26.0,1.0,0.0,29.0,2926.0,1,54,1912-07,test
1,C,B,missing,Mr,61.9792,0.0,1.0,65.0,113509.0,0,55,1912-07,test
1,S,C,missing,Mr,35.5,0.0,0.0,29.69911764705882,19947.0,1,56,1912-05,train
2,S,missing,CA,Miss,10.5,0.0,0.0,21.0,31026.0,1,57,1912-06,train
3,C,missing,missing,Mr,7.2292,0.0,0.0,28.5,2697.0,0,58,1912-06,train
2,S,missing,CA,Miss,27.75,1.0,2.0,5.0,34651.0,1,59,1912-04,train
3,S,missing,CA,Master,46.9,5.0,2.0,11.0,2144.0,0,60,1912-07,test
3,C,missing,missing,Mr,7.2292,0.0,0.0,22.0,2669.0,0,61,1912-04,train
1,Missing,B,missing,Miss,80.0,0.0,0.0,38.0,113572.0,1,62,1912-05,train
1,S,C,missing,Mr,83.475,1.0,0.0,45.0,36973.0,0,63,1912-07,test
3,S,missing,missing,Master,27.9,3.0,2.0,4.0,347088.0,0,64,1912-06,train
1,C,missing,PC,Mr,27.7208,0.0,0.0,29.69911764705882,17605.0,0,65,1912-07,test
3,C,missing,missing,Master,15.2458,1.0,1.0,29.69911764705882,2661.0,1,66,1912-04,train
2,S,F,CA,Mrs,10.5,0.0,0.0,29.0,29395.0,1,67,1912-07,test
3,S,missing,LOW,Mr,8.1583,0.0,0.0,19.0,3464.0,0,68,1912-04,train
3,S,missing,missing,Miss,7.925,4.0,2.0,17.0,3101281.0,1,69,1912-06,train
3,S,missing,missing,Mr,8.6625,2.0,0.0,26.0,315151.0,0,70,1912-07,test
2,S,missing,CA,Mr,10.5,0.0,0.0,32.0,33111.0,0,71,1912-05,train
3,S,missing,CA,Miss,46.9,5.0,2.0,16.0,2144.0,0,72,1912-05,train
2,S,missing,SOC,Mr,73.5,0.0,0.0,21.0,14879.0,0,73,1912-05,train
3,C,missing,missing,Mr,14.4542,1.0,0.0,26.0,2680.0,0,74,1912-04,train
3,S,missing,missing,Mr,56.4958,0.0,0.0,32.0,1601.0,1,75,1912-05,train
3,S,F,missing,Mr,7.65,0.0,0.0,25.0,348123.0,0,76,1912-05,train
3,S,missing,missing,Mr,7.8958,0.0,0.0,29.69911764705882,349208.0,0,77,1912-07,test
3,S,missing,missing,Mr,8.05,0.0,0.0,29.69911764705882,374746.0,0,78,1912-06,train
2,S,missing,missing,Master,29.0,0.0,2.0,0.83,248738.0,1,79,1912-06,train
3,S,missing,missing,Miss,12.475,0.0,0.0,30.0,364516.0,1,80,1912-07,test
3,S,missing,missing,Mr,9.0,0.0,0.0,22.0,345767.0,0,81,1912-06,train
3,S,missing,missing,Mr,9.5,0.0,0.0,29.0,345779.0,1,82,1912-04,train
3,Q,missing,missing,Miss,7.7875,0.0,0.0,29.69911764705882,330932.0,1,83,1912-07,test
1,S,missing,missing,Mr,47.1,0.0,0.0,28.0,113059.0,0,84,1912-05,train
2,S,missing,SOC,Miss,10.5,0.0,0.0,17.0,14885.0,1,85,1912-05,train
3,S,missing,missing,Mrs,15.85,3.0,0.0,33.0,3101278.0,1,86,1912-07,test
3,S,missing,WC,Mr,34.375,1.0,3.0,16.0,6608.0,0,87,1912-04,train
3,S,missing,SOTONOQ,Mr,8.05,0.0,0.0,29.69911764705882,392086.0,0,88,1912-07,test
1,S,C,missing,Miss,263.0,3.0,2.0,23.0,19950.0,1,89,1912-06,train
3,S,missing,missing,Mr,8.05,0.0,0.0,24.0,343275.0,0,90,1912-05,train
3,S,missing,missing,Mr,8.05,0.0,0.0,29.0,343276.0,0,91,1912-07,test
3,S,missing,missing,Mr,7.8542,0.0,0.0,20.0,347466.0,0,92,1912-07,test
1,S,E,WEP,Mr,61.175,1.0,0.0,46.0,5734.0,0,93,1912-06,train
3,S,missing,CA,Mr,20.575,1.0,2.0,26.0,2315.0,0,94,1912-07,test
3,S,missing,missing,Mr,7.25,0.0,0.0,59.0,364500.0,0,95,1912-06,train
3,S,missing,missing,Mr,8.05,0.0,0.0,29.69911764705882,374910.0,0,96,1912-04,train
1,C,A,PC,Mr,34.6542,0.0,0.0,71.0,17754.0,0,97,1912-06,train
1,C,D,PC,Mr,63.3583,0.0,1.0,23.0,17759.0,1,98,1912-07,test
2,S,missing,missing,Mrs,23.0,0.0,1.0,34.0,231919.0,1,99,1912-04,train
2,S,missing,missing,Mr,26.0,1.0,0.0,34.0,244367.0,0,100,1912-05,train
3,S,missing,missing,Miss,7.8958,0.0,0.0,28.0,349245.0,0,101,1912-05,train
3,S,missing,missing,Mr,7.8958,0.0,0.0,29.69911764705882,349215.0,0,102,1912-05,train
1,S,D,missing,Mr,77.2875,0.0,1.0,21.0,35281.0,0,103,1912-04,train
3,S,missing,missing,Mr,8.6542,0.0,0.0,33.0,7540.0,0,104,1912-06,train
3,S,missing,missing,Mr,7.925,2.0,0.0,37.0,3101276.0,0,105,1912-04,train
3,S,missing,missing,Mr,7.8958,0.0,0.0,28.0,349207.0,0,106,1912-04,train
3,S,missing,missing,Miss,7.65,0.0,0.0,21.0,343120.0,1,107,1912-04,train
3,S,missing,missing,Mr,7.775,0.0,0.0,29.69911764705882,312991.0,1,108,1912-04,train
3,S,missing,missing,Mr,7.8958,0.0,0.0,38.0,349249.0,0,109,1912-07,test
3,Q,missing,missing,Miss,24.15,1.0,0.0,29.69911764705882,371110.0,1,110,1912-04,train
1,S,C,missing,Mr,52.0,0.0,0.0,47.0,110465.0,0,111,1912-06,train
3,C,missing,missing,Miss,14.4542,1.0,0.0,14.5,2665.0,0,112,1912-05,train
3,S,missing,missing,Mr,8.05,0.0,0.0,22.0,324669.0,0,113,1912-06,train
3,S,missing,missing,Miss,9.825,1.0,0.0,20.0,4136.0,0,114,1912-04,train
3,C,missing,missing,Miss,14.4583,0.0,0.0,17.0,2627.0,0,115,1912-05,train
3,S,missing,STONO,Mr,7.925,0.0,0.0,21.0,23101294.0,0,116,1912-06,train
3,Q,missing,missing,Mr,7.75,0.0,0.0,70.5,370369.0,0,117,1912-06,train
2,S,missing,missing,Mr,21.0,1.0,0.0,29.0,11668.0,0,118,1912-04,train
1,C,B,PC,Mr,247.5208,0.0,1.0,24.0,17558.0,0,119,1912-05,train
3,S,missing,missing,Miss,31.275,4.0,2.0,2.0,347082.0,0,120,1912-05,train
2,S,missing,SOC,Mr,73.5,2.0,0.0,21.0,14879.0,0,121,1912-06,train
3,S,missing,A,Mr,8.05,0.0,0.0,29.69911764705882,454510.0,0,122,1912-05,train
2,C,missing,missing,Mr,30.0708,1.0,0.0,32.5,237736.0,0,123,1912-06,train
2,S,E,missing,Miss,13.0,0.0,0.0,32.5,27267.0,1,124,1912-06,train
1,S,D,missing,Mr,77.2875,0.0,1.0,54.0,35281.0,0,125,1912-07,test
3,C,missing,missing,Master,11.2417,1.0,0.0,12.0,2651.0,1,126,1912-06,train
3,Q,missing,missing,Mr,7.75,0.0,0.0,29.69911764705882,370372.0,0,127,1912-07,test
3,S,missing,CA,Mr,7.1417,0.0,0.0,24.0,17369.0,1,128,1912-07,test
3,C,F,missing,Miss,22.3583,1.0,1.0,29.69911764705882,2668.0,1,129,1912-04,train
3,S,missing,missing,Mr,6.975,0.0,0.0,45.0,347061.0,0,130,1912-04,train
3,C,missing,missing,Mr,7.8958,0.0,0.0,33.0,349241.0,0,131,1912-06,train
3,S,missing,SOTONOQ,Mr,7.05,0.0,0.0,20.0,3101307.0,0,132,1912-07,test
3,S,missing,A,Mrs,14.5,1.0,0.0,47.0,53337.0,0,133,1912-06,train
2,S,missing,missing,Mrs,26.0,1.0,0.0,29.0,228414.0,1,134,1912-07,test
2,S,missing,CA,Mr,13.0,0.0,0.0,25.0,29178.0,0,135,1912-05,train
2,C,missing,SCPARIS,Mr,15.0458,0.0,0.0,23.0,2133.0,0,136,1912-06,train
1,S,D,missing,Miss,26.2833,0.0,2.0,19.0,11752.0,1,137,1912-04,train
1,S,C,missing,Mr,53.1,1.0,0.0,37.0,113803.0,0,138,1912-06,train
3,S,missing,missing,Mr,9.2167,0.0,0.0,16.0,7534.0,0,139,1912-05,train
1,C,B,PC,Mr,79.2,0.0,0.0,24.0,17593.0,0,140,1912-07,test
3,C,missing,missing,Mrs,15.2458,0.0,2.0,29.69911764705882,2678.0,0,141,1912-04,train
3,S,missing,missing,Miss,7.75,0.0,0.0,22.0,347081.0,1,142,1912-05,train
3,S,missing,STONO,Mrs,15.85,1.0,0.0,24.0,23101279.0,1,143,1912-04,train
3,Q,missing,missing,Mr,6.75,0.0,0.0,19.0,365222.0,0,144,1912-07,test
2,S,missing,missing,Mr,11.5,0.0,0.0,18.0,231945.0,0,145,1912-05,train
2,S,missing,CA,Mr,36.75,1.0,1.0,19.0,33112.0,0,146,1912-04,train
3,S,missing,missing,Mr,7.7958,0.0,0.0,27.0,350043.0,1,147,1912-05,train
3,S,missing,WC,Miss,34.375,2.0,2.0,9.0,6608.0,0,148,1912-07,test
2,S,F,missing,Mr,26.0,0.0,2.0,36.5,230080.0,0,149,1912-07,test
2,S,missing,missing,LOW,13.0,0.0,0.0,42.0,244310.0,0,150,1912-05,train
2,S,missing,LOW,LOW,12.525,0.0,0.0,51.0,1166.0,0,151,1912-07,test
1,S,C,missing,Mrs,66.6,1.0,0.0,22.0,113776.0,1,152,1912-05,train
3,S,missing,A,Mr,8.05,0.0,0.0,55.5,511206.0,0,153,1912-04,train
3,S,missing,A,Mr,14.5,0.0,2.0,40.5,5851.0,0,154,1912-07,test
3,S,missing,LOW,Mr,7.3125,0.0,0.0,29.69911764705882,265302.0,0,155,1912-06,train
1,C,missing,PC,Mr,61.3792,0.0,1.0,51.0,17597.0,0,156,1912-07,test
3,Q,missing,missing,Miss,7.7333,0.0,0.0,16.0,35851.0,1,157,1912-04,train
3,S,missing,SOTONOQ,Mr,8.05,0.0,0.0,30.0,392090.0,0,158,1912-06,train
3,S,missing,missing,Mr,8.6625,0.0,0.0,29.69911764705882,315037.0,0,159,1912-05,train
3,S,missing,CA,Master,69.55,8.0,2.0,29.69911764705882,2343.0,0,160,1912-05,train
3,S,missing,missing,Mr,16.1,0.0,1.0,44.0,371362.0,0,161,1912-04,train
2,S,missing,CA,Mrs,15.75,0.0,0.0,40.0,33595.0,1,162,1912-06,train
3,S,missing,missing,Mr,7.775,0.0,0.0,26.0,347068.0,0,163,1912-04,train
3,S,missing,missing,Mr,8.6625,0.0,0.0,17.0,315093.0,0,164,1912-04,train
3,S,missing,missing,Master,39.6875,4.0,1.0,1.0,3101295.0,0,165,1912-06,train
3,S,missing,missing,Master,20.525,0.0,2.0,9.0,363291.0,1,166,1912-06,train
1,S,E,missing,Mrs,55.0,0.0,1.0,29.69911764705882,113505.0,1,167,1912-05,train
3,S,missing,missing,Mrs,27.9,1.0,4.0,45.0,347088.0,0,168,1912-07,test
1,S,missing,PC,Mr,25.925,0.0,0.0,29.69911764705882,17318.0,0,169,1912-06,train
3,S,missing,missing,Mr,56.4958,0.0,0.0,28.0,1601.0,0,170,1912-05,train
1,S,B,missing,Mr,33.5,0.0,0.0,61.0,111240.0,0,171,1912-04,train
3,Q,missing,missing,Master,29.125,4.0,1.0,4.0,382652.0,0,172,1912-04,train
3,S,missing,missing,Miss,11.1333,1.0,1.0,1.0,347742.0,1,173,1912-05,train
3,S,missing,STONO,Mr,7.925,0.0,0.0,21.0,23101280.0,0,174,1912-07,test
1,C,A,missing,Mr,30.6958,0.0,0.0,56.0,17764.0,0,175,1912-05,train
3,S,missing,missing,Mr,7.8542,1.0,1.0,18.0,350404.0,0,176,1912-04,train
3,S,missing,missing,Master,25.4667,3.0,1.0,29.69911764705882,4133.0,0,177,1912-07,test
1,C,C,PC,Miss,28.7125,0.0,0.0,50.0,17595.0,0,178,1912-05,train
2,S,missing,missing,Mr,13.0,0.0,0.0,30.0,250653.0,0,179,1912-06,train
3,S,missing,LINE,Mr,0.0,0.0,0.0,36.0,0.0,0,180,1912-04,train
3,S,missing,CA,Miss,69.55,8.0,2.0,29.69911764705882,2343.0,0,181,1912-05,train
2,C,missing,SCPARIS,Mr,15.05,0.0,0.0,29.69911764705882,2131.0,0,182,1912-07,test
3,S,missing,missing,Master,31.3875,4.0,2.0,9.0,347077.0,0,183,1912-05,train
2,S,F,missing,Master,39.0,2.0,1.0,1.0,230136.0,1,184,1912-07,test
3,S,missing,missing,Miss,22.025,0.0,2.0,4.0,315153.0,1,185,1912-04,train
1,S,A,missing,Mr,50.0,0.0,0.0,29.69911764705882,113767.0,0,186,1912-07,test
3,Q,missing,missing,Mrs,15.5,1.0,0.0,29.69911764705882,370365.0,1,187,1912-06,train
1,S,missing,missing,Mr,26.55,0.0,0.0,45.0,111428.0,1,188,1912-07,test
3,Q,missing,missing,Mr,15.5,1.0,1.0,40.0,364849.0,0,189,1912-04,train
3,S,missing,missing,Mr,7.8958,0.0,0.0,36.0,349247.0,0,190,1912-06,train
2,S,missing,missing,Mrs,13.0,0.0,0.0,32.0,234604.0,1,191,1912-07,test
2,S,missing,missing,Mr,13.0,0.0,0.0,19.0,28424.0,0,192,1912-06,train
3,S,missing,missing,Miss,7.8542,1.0,0.0,19.0,350046.0,1,193,1912-04,train
2,S,F,missing,Master,26.0,1.0,1.0,3.0,230080.0,1,194,1912-05,train
1,C,B,PC,Mrs,27.7208,0.0,0.0,44.0,17610.0,1,195,1912-05,train
1,C,B,PC,Miss,146.5208,0.0,0.0,58.0,17569.0,1,196,1912-06,train
3,Q,missing,missing,Mr,7.75,0.0,0.0,29.69911764705882,368703.0,0,197,1912-05,train
3,S,missing,missing,Mr,8.4042,0.0,1.0,42.0,4579.0,0,198,1912-06,train
3,Q,missing,missing,Miss,7.75,0.0,0.0,29.69911764705882,370370.0,1,199,1912-07,test
2,S,missing,missing,Miss,13.0,0.0,0.0,24.0,248747.0,0,200,1912-05,train
3,S,missing,missing,Mr,9.5,0.0,0.0,28.0,345770.0,0,201,1912-06,train
3,S,missing,CA,Mr,69.55,8.0,2.0,29.69911764705882,2343.0,0,202,1912-04,train
3,S,missing,missing,Mr,6.4958,0.0,0.0,34.0,3101264.0,0,203,1912-07,test
3,C,missing,missing,Mr,7.225,0.0,0.0,45.5,2628.0,0,204,1912-06,train
3,S,missing,A,Mr,8.05,0.0,0.0,18.0,53540.0,1,205,1912-07,test
3,S,G,missing,Miss,10.4625,0.0,1.0,2.0,347054.0,0,206,1912-05,train
3,S,missing,missing,Mr,15.85,1.0,0.0,32.0,3101278.0,0,207,1912-04,train
3,C,missing,missing,Mr,18.7875,0.0,0.0,26.0,2699.0,1,208,1912-04,train
3,Q,missing,missing,Miss,7.75,0.0,0.0,16.0,367231.0,1,209,1912-04,train
1,C,A,missing,Mr,31.0,0.0,0.0,40.0,112277.0,1,210,1912-05,train
3,S,missing,SOTONOQ,Mr,7.05,0.0,0.0,24.0,3101311.0,0,211,1912-05,train
2,S,missing,FCC,Miss,21.0,0.0,0.0,35.0,13528.0,1,212,1912-05,train
3,S,missing,A,Mr,7.25,0.0,0.0,22.0,521174.0,0,213,1912-05,train
2,S,missing,missing,Mr,13.0,0.0,0.0,30.0,250646.0,0,214,1912-06,train
3,Q,missing,missing,Mr,7.75,1.0,0.0,29.69911764705882,367229.0,0,215,1912-06,train
1,C,D,missing,Miss,113.275,1.0,0.0,31.0,35273.0,1,216,1912-06,train
3,S,missing,STONO,Miss,7.925,0.0,0.0,27.0,23101283.0,1,217,1912-06,train
2,S,missing,missing,Mr,27.0,1.0,0.0,42.0,243847.0,0,218,1912-06,train
1,C,D,missing,Miss,76.2917,0.0,0.0,32.0,11813.0,1,219,1912-06,train
2,S,missing,WC,Mr,10.5,0.0,0.0,30.0,14208.0,0,220,1912-04,train
3,S,missing,SOTONOQ,Mr,8.05,0.0,0.0,16.0,392089.0,1,221,1912-06,train
2,S,missing,missing,Mr,13.0,0.0,0.0,27.0,220367.0,0,222,1912-05,train
3,S,missing,missing,Mr,8.05,0.0,0.0,51.0,21440.0,0,223,1912-07,test
3,S,missing,missing,Mr,7.8958,0.0,0.0,29.69911764705882,349234.0,0,224,1912-05,train
1,S,C,missing,Mr,90.0,1.0,0.0,38.0,19943.0,1,225,1912-04,train
3,S,missing,PPP,Mr,9.35,0.0,0.0,22.0,4348.0,0,226,1912-06,train
2,S,missing,SWPP,Mr,10.5,0.0,0.0,19.0,751.0,1,227,1912-04,train
3,S,missing,A,Mr,7.25,0.0,0.0,20.5,521173.0,0,228,1912-07,test
2,S,missing,missing,Mr,13.0,0.0,0.0,18.0,236171.0,0,229,1912-04,train
3,S,missing,missing,Miss,25.4667,3.0,1.0,29.69911764705882,4133.0,0,230,1912-07,test
1,S,C,missing,Mrs,83.475,1.0,0.0,35.0,36973.0,1,231,1912-05,train
3,S,missing,missing,Mr,7.775,0.0,0.0,29.0,347067.0,0,232,1912-05,train
2,S,missing,missing,Mr,13.5,0.0,0.0,59.0,237442.0,0,233,1912-06,train
3,S,missing,missing,Miss,31.3875,4.0,2.0,5.0,347077.0,1,234,1912-04,train
2,S,missing,CA,Mr,10.5,0.0,0.0,24.0,29566.0,0,235,1912-07,test
3,S,missing,WC,Miss,7.55,0.0,0.0,29.69911764705882,6609.0,0,236,1912-04,train
2,S,missing,missing,Mr,26.0,1.0,0.0,44.0,26707.0,0,237,1912-05,train
2,S,missing,CA,Miss,26.25,0.0,2.0,8.0,31921.0,1,238,1912-04,train
2,S,missing,missing,Mr,10.5,0.0,0.0,19.0,28665.0,0,239,1912-06,train
2,S,missing,LOW,Mr,12.275,0.0,0.0,33.0,1585.0,0,240,1912-06,train
3,C,missing,missing,Miss,14.4542,1.0,0.0,29.69911764705882,2665.0,0,241,1912-06,train
3,Q,missing,missing,Miss,15.5,1.0,0.0,29.69911764705882,367230.0,1,242,1912-04,train
2,S,missing,WC,Mr,10.5,0.0,0.0,29.0,14263.0,0,243,1912-07,test
3,S,missing,STONO,Mr,7.125,0.0,0.0,22.0,23101275.0,0,244,1912-06,train
3,C,missing,missing,Mr,7.225,0.0,0.0,30.0,2694.0,0,245,1912-04,train
1,Q,C,missing,Dr,90.0,2.0,0.0,44.0,19928.0,0,246,1912-04,train
3,S,missing,missing,Miss,7.775,0.0,0.0,25.0,347071.0,0,247,1912-06,train
2,S,missing,missing,Mrs,14.5,0.0,2.0,24.0,250649.0,1,248,1912-04,train
1,S,D,missing,Mr,52.5542,1.0,1.0,37.0,11751.0,1,249,1912-04,train
2,S,missing,missing,LOW,26.0,1.0,0.0,54.0,244252.0,0,250,1912-04,train
3,S,missing,missing,Mr,7.25,0.0,0.0,29.69911764705882,362316.0,0,251,1912-07,test
3,S,G,missing,Mrs,10.4625,1.0,1.0,29.0,347054.0,0,252,1912-04,train
1,S,C,missing,Mr,26.55,0.0,0.0,62.0,113514.0,0,253,1912-04,train
3,S,missing,A,Mr,16.1,1.0,0.0,30.0,53336.0,0,254,1912-05,train
3,S,missing,missing,Mrs,20.2125,0.0,2.0,41.0,370129.0,0,255,1912-05,train
3,C,missing,missing,Mrs,15.2458,0.0,2.0,29.0,2650.0,1,256,1912-07,test
1,C,missing,PC,Mrs,79.2,0.0,0.0,29.69911764705882,17585.0,1,257,1912-05,train
1,S,B,missing,Miss,86.5,0.0,0.0,30.0,110152.0,1,258,1912-04,train
1,C,missing,PC,Miss,512.3292,0.0,0.0,35.0,17755.0,1,259,1912-07,test
2,S,missing,missing,Mrs,26.0,0.0,1.0,50.0,230433.0,1,260,1912-05,train
3,Q,missing,missing,Mr,7.75,0.0,0.0,29.69911764705882,384461.0,0,261,1912-05,train
3,S,missing,missing,Master,31.3875,4.0,2.0,3.0,347077.0,1,262,1912-05,train
1,S,E,missing,Mr,79.65,1.0,1.0,52.0,110413.0,0,263,1912-04,train
1,S,B,missing,Mr,0.0,0.0,0.0,40.0,112059.0,0,264,1912-07,test
3,Q,missing,missing,Miss,7.75,0.0,0.0,29.69911764705882,382649.0,0,265,1912-07,test
2,S,missing,CA,Mr,10.5,0.0,0.0,36.0,17248.0,0,266,1912-06,train
3,S,missing,missing,Mr,39.6875,4.0,1.0,16.0,3101295.0,0,267,1912-06,train
3,S,missing,missing,Mr,7.775,1.0,0.0,25.0,347083.0,1,268,1912-07,test
1,S,C,PC,Mrs,153.4625,0.0,1.0,58.0,17582.0,1,269,1912-06,train
1,S,C,PC,Miss,135.6333,0.0,0.0,35.0,17760.0,1,270,1912-04,train
1,S,missing,missing,Mr,31.0,0.0,0.0,29.69911764705882,113798.0,0,271,1912-05,train
3,S,missing,LINE,Mr,0.0,0.0,0.0,25.0,0.0,1,272,1912-06,train
2,S,missing,missing,Mrs,19.5,0.0,1.0,41.0,250644.0,1,273,1912-04,train
1,C,C,PC,Mr,29.7,0.0,1.0,37.0,17596.0,0,274,1912-04,train
3,Q,missing,missing,Miss,7.75,0.0,0.0,29.69911764705882,370375.0,1,275,1912-04,train
1,S,D,missing,Miss,77.9583,1.0,0.0,63.0,13502.0,1,276,1912-06,train
3,S,missing,missing,Miss,7.75,0.0,0.0,45.0,347073.0,0,277,1912-06,train
2,S,missing,missing,Mr,0.0,0.0,0.0,29.69911764705882,239853.0,0,278,1912-07,test
3,Q,missing,missing,Master,29.125,4.0,1.0,7.0,382652.0,0,279,1912-07,test
3,S,missing,CA,Mrs,20.25,1.0,1.0,35.0,2673.0,1,280,1912-06,train
3,Q,missing,missing,Mr,7.75,0.0,0.0,65.0,336439.0,0,281,1912-07,test
3,S,missing,missing,Mr,7.8542,0.0,0.0,28.0,347464.0,0,282,1912-04,train
3,S,missing,missing,Mr,9.5,0.0,0.0,16.0,345778.0,0,283,1912-04,train
3,S,missing,A,Mr,8.05,0.0,0.0,19.0,510482.0,1,284,1912-06,train
1,S,A,missing,Mr,26.0,0.0,0.0,29.69911764705882,113056.0,0,285,1912-07,test
3,C,missing,missing,Mr,8.6625,0.0,0.0,33.0,349239.0,0,286,1912-04,train
3,S,missing,missing,Mr,9.5,0.0,0.0,30.0,345774.0,1,287,1912-06,train
3,S,missing,missing,Mr,7.8958,0.0,0.0,22.0,349206.0,0,288,1912-05,train
2,S,missing,missing,Mr,13.0,0.0,0.0,42.0,237798.0,1,289,1912-07,test
3,Q,missing,missing,Miss,7.75,0.0,0.0,22.0,370373.0,1,290,1912-06,train
1,S,missing,missing,Miss,78.85,0.0,0.0,26.0,19877.0,1,291,1912-06,train
1,C,B,missing,Mrs,91.0792,1.0,0.0,19.0,11967.0,1,292,1912-05,train
2,C,D,SCParis,Mr,12.875,0.0,0.0,36.0,2163.0,0,293,1912-05,train
3,S,missing,missing,Miss,8.85,0.0,0.0,24.0,349236.0,0,294,1912-06,train
3,S,missing,missing,Mr,7.8958,0.0,0.0,24.0,349233.0,0,295,1912-05,train
1,C,missing,PC,Mr,27.7208,0.0,0.0,29.69911764705882,17612.0,0,296,1912-05,train
3,C,missing,missing,Mr,7.2292,0.0,0.0,23.5,2693.0,0,297,1912-06,train
1,S,C,missing,Miss,151.55,1.0,2.0,2.0,113781.0,0,298,1912-04,train
1,S,C,missing,Mr,30.5,0.0,0.0,29.69911764705882,19988.0,1,299,1912-06,train
1,C,B,PC,Mrs,247.5208,0.0,1.0,50.0,17558.0,1,300,1912-04,train
3,Q,missing,missing,Miss,7.75,0.0,0.0,29.69911764705882,9234.0,1,301,1912-07,test
3,Q,missing,missing,Mr,23.25,2.0,0.0,29.69911764705882,367226.0,1,302,1912-04,train
3,S,missing,LINE,Mr,0.0,0.0,0.0,19.0,0.0,0,303,1912-06,train
2,Q,E,missing,Miss,12.35,0.0,0.0,29.69911764705882,226593.0,1,304,1912-05,train
3,S,missing,A,Mr,8.05,0.0,0.0,29.69911764705882,52466.0,0,305,1912-07,test
1,S,C,missing,Master,151.55,1.0,2.0,0.92,113781.0,1,306,1912-06,train
1,C,missing,missing,Miss,110.8833,0.0,0.0,29.69911764705882,17421.0,1,307,1912-04,train
1,C,C,PC,Mrs,108.9,1.0,0.0,17.0,17758.0,1,308,1912-06,train
2,C,missing,PPP,Mr,24.0,1.0,0.0,30.0,3381.0,0,309,1912-05,train
1,C,E,PC,Miss,56.9292,0.0,0.0,30.0,17485.0,1,310,1912-06,train
1,C,C,missing,Miss,83.1583,0.0,0.0,24.0,11767.0,1,311,1912-06,train
1,C,B,PC,Miss,262.375,2.0,2.0,18.0,17608.0,1,312,1912-05,train
2,S,missing,missing,Mrs,26.0,1.0,1.0,26.0,250651.0,0,313,1912-06,train
3,S,missing,missing,Mr,7.8958,0.0,0.0,28.0,349243.0,0,314,1912-04,train
2,S,missing,FCC,Mr,26.25,1.0,1.0,43.0,13529.0,0,315,1912-04,train
3,S,missing,missing,Miss,7.8542,0.0,0.0,26.0,347470.0,1,316,1912-05,train
2,S,missing,missing,Mrs,26.0,1.0,0.0,24.0,244367.0,1,317,1912-05,train
2,S,missing,missing,Dr,14.0,0.0,0.0,54.0,29011.0,0,318,1912-04,train
1,S,C,missing,Miss,164.8667,0.0,2.0,31.0,36928.0,1,319,1912-05,train
1,C,E,missing,Mrs,134.5,1.0,1.0,40.0,16966.0,1,320,1912-07,test
3,S,missing,A,Mr,7.25,0.0,0.0,22.0,521172.0,0,321,1912-04,train
3,S,missing,missing,Mr,7.8958,0.0,0.0,27.0,349219.0,0,322,1912-06,train
2,Q,missing,missing,Miss,12.35,0.0,0.0,30.0,234818.0,1,323,1912-04,train
2,S,missing,missing,Mrs,29.0,1.0,1.0,22.0,248738.0,1,324,1912-04,train
3,S,missing,CA,Mr,69.55,8.0,2.0,29.69911764705882,2343.0,0,325,1912-04,train
1,C,C,PC,Miss,135.6333,0.0,0.0,36.0,17760.0,1,326,1912-04,train
3,S,missing,missing,Mr,6.2375,0.0,0.0,61.0,345364.0,0,327,1912-06,train
2,S,D,missing,Mrs,13.0,0.0,0.0,36.0,28551.0,1,328,1912-06,train
3,S,missing,missing,Mrs,20.525,1.0,1.0,31.0,363291.0,1,329,1912-07,test
1,C,B,missing,Miss,57.9792,0.0,1.0,16.0,111361.0,1,330,1912-07,test
3,Q,missing,missing,Miss,23.25,2.0,0.0,29.69911764705882,367226.0,1,331,1912-05,train
1,S,C,missing,Mr,28.5,0.0,0.0,45.5,113043.0,0,332,1912-04,train
1,S,C,PC,Mr,153.4625,0.0,1.0,38.0,17582.0,0,333,1912-06,train
3,S,missing,missing,Mr,18.0,2.0,0.0,16.0,345764.0,0,334,1912-04,train
1,S,missing,PC,Mrs,133.65,1.0,0.0,29.69911764705882,17611.0,1,335,1912-05,train
3,S,missing,missing,Mr,7.8958,0.0,0.0,29.69911764705882,349225.0,0,336,1912-05,train
1,S,C,missing,Mr,66.6,1.0,0.0,29.0,113776.0,0,337,1912-05,train
1,C,E,missing,Miss,134.5,0.0,0.0,41.0,16966.0,1,338,1912-05,train
3,S,missing,missing,Mr,8.05,0.0,0.0,45.0,7598.0,1,339,1912-06,train
1,S,T,missing,Mr,35.5,0.0,0.0,45.0,113784.0,0,340,1912-06,train
2,S,F,missing,Master,26.0,1.0,1.0,2.0,230080.0,1,341,1912-04,train
1,S,C,missing,Miss,263.0,3.0,2.0,24.0,19950.0,1,342,1912-06,train
2,S,missing,missing,Mr,13.0,0.0,0.0,28.0,248740.0,0,343,1912-05,train
2,S,missing,missing,Mr,13.0,0.0,0.0,25.0,244361.0,0,344,1912-05,train
2,S,missing,missing,Mr,13.0,0.0,0.0,36.0,229236.0,0,345,1912-05,train
2,S,F,missing,Miss,13.0,0.0,0.0,24.0,248733.0,1,346,1912-04,train
2,S,missing,missing,Miss,13.0,0.0,0.0,40.0,31418.0,1,347,1912-06,train
3,S,missing,missing,Mrs,16.1,1.0,0.0,29.69911764705882,386525.0,1,348,1912-05,train
3,S,missing,CA,Master,15.9,1.0,1.0,3.0,37671.0,1,349,1912-05,train
3,S,missing,missing,Mr,8.6625,0.0,0.0,42.0,315088.0,0,350,1912-06,train
3,S,missing,missing,Mr,9.225,0.0,0.0,23.0,7267.0,0,351,1912-07,test
1,S,C,missing,Mr,35.0,0.0,0.0,29.69911764705882,113510.0,0,352,1912-05,train
3,C,missing,missing,Mr,7.2292,1.0,1.0,15.0,2695.0,0,353,1912-04,train
3,S,missing,missing,Mr,17.8,1.0,0.0,25.0,349237.0,0,354,1912-05,train
3,C,missing,missing,Mr,7.225,0.0,0.0,29.69911764705882,2647.0,0,355,1912-06,train
3,S,missing,missing,Mr,9.5,0.0,0.0,28.0,345783.0,0,356,1912-04,train
1,S,E,missing,Miss,55.0,0.0,1.0,22.0,113505.0,1,357,1912-07,test
2,S,missing,missing,Miss,13.0,0.0,0.0,38.0,237671.0,0,358,1912-07,test
3,Q,missing,missing,Miss,7.8792,0.0,0.0,29.69911764705882,330931.0,1,359,1912-06,train
3,Q,missing,missing,Miss,7.8792,0.0,0.0,29.69911764705882,330980.0,1,360,1912-07,test
3,S,missing,missing,Mr,27.9,1.0,4.0,40.0,347088.0,0,361,1912-07,test
2,C,missing,SCPARIS,Mr,27.7208,1.0,0.0,29.0,2167.0,0,362,1912-04,train
3,C,missing,missing,Mrs,14.4542,0.0,1.0,45.0,2691.0,0,363,1912-07,test
3,S,missing,SOTONOQ,Mr,7.05,0.0,0.0,35.0,3101310.0,0,364,1912-06,train
3,Q,missing,missing,Mr,15.5,1.0,0.0,29.69911764705882,370365.0,0,365,1912-05,train
3,S,missing,CA,Mr,7.25,0.0,0.0,30.0,7076.0,0,366,1912-06,train
1,C,D,missing,Mrs,75.25,1.0,0.0,60.0,110813.0,1,367,1912-07,test
3,C,missing,missing,Mrs,7.2292,0.0,0.0,29.69911764705882,2626.0,1,368,1912-04,train
3,Q,missing,missing,Miss,7.75,0.0,0.0,29.69911764705882,14313.0,1,369,1912-07,test
1,C,B,PC,Miss,69.3,0.0,0.0,24.0,17477.0,1,370,1912-04,train
1,C,E,missing,Mr,55.4417,1.0,0.0,25.0,11765.0,1,371,1912-04,train
3,S,missing,missing,Mr,6.4958,1.0,0.0,18.0,3101267.0,0,372,1912-06,train
3,S,missing,missing,Mr,8.05,0.0,0.0,19.0,323951.0,0,373,1912-05,train
1,C,missing,PC,Mr,135.6333,0.0,0.0,22.0,17760.0,0,374,1912-05,train
3,S,missing,missing,Miss,21.075,3.0,1.0,3.0,349909.0,0,375,1912-05,train
1,C,missing,PC,Mrs,82.1708,1.0,0.0,29.69911764705882,17604.0,1,376,1912-06,train
3,S,missing,CA,Miss,7.25,0.0,0.0,22.0,7077.0,1,377,1912-06,train
1,C,C,missing,Mr,211.5,0.0,2.0,27.0,113503.0,0,378,1912-07,test
3,C,missing,missing,Mr,4.0125,0.0,0.0,20.0,2648.0,0,379,1912-07,test
3,S,missing,missing,Mr,7.775,0.0,0.0,19.0,347069.0,0,380,1912-05,train
1,C,missing,PC,Miss,227.525,0.0,0.0,42.0,17757.0,1,381,1912-04,train
3,C,missing,missing,Miss,15.7417,0.0,2.0,1.0,2653.0,1,382,1912-05,train
3,S,missing,STONO,Mr,7.925,0.0,0.0,32.0,23101293.0,0,383,1912-07,test
1,S,missing,missing,Mrs,52.0,1.0,0.0,35.0,113789.0,1,384,1912-04,train
3,S,missing,missing,Mr,7.8958,0.0,0.0,29.69911764705882,349227.0,0,385,1912-05,train
2,S,missing,SOC,Mr,73.5,0.0,0.0,18.0,14879.0,0,386,1912-06,train
3,S,missing,CA,Master,46.9,5.0,2.0,1.0,2144.0,0,387,1912-07,test
2,S,missing,missing,Miss,13.0,0.0,0.0,36.0,27849.0,1,388,1912-05,train
3,Q,missing,missing,Mr,7.7292,0.0,0.0,29.69911764705882,367655.0,0,389,1912-05,train
2,C,missing,SCAHBasle,Miss,12.0,0.0,0.0,17.0,1748.0,1,390,1912-06,train
1,S,B,missing,Mr,120.0,1.0,2.0,36.0,113760.0,1,391,1912-07,test
3,S,missing,missing,Mr,7.7958,0.0,0.0,21.0,350034.0,1,392,1912-07,test
3,S,missing,missing,Mr,7.925,2.0,0.0,28.0,3101277.0,0,393,1912-05,train
1,C,D,missing,Miss,113.275,1.0,0.0,23.0,35273.0,1,394,1912-07,test
3,S,G,PPP,Mrs,16.7,0.0,2.0,24.0,9549.0,1,395,1912-06,train
3,S,missing,missing,Mr,7.7958,0.0,0.0,22.0,350052.0,0,396,1912-06,train
3,S,missing,missing,Miss,7.8542,0.0,0.0,31.0,350407.0,0,397,1912-05,train
2,S,missing,missing,Mr,26.0,0.0,0.0,46.0,28403.0,0,398,1912-04,train
2,S,missing,missing,Dr,10.5,0.0,0.0,23.0,244278.0,0,399,1912-04,train
2,S,missing,missing,Mrs,12.65,0.0,0.0,28.0,240929.0,1,400,1912-06,train
3,S,missing,STONO,Mr,7.925,0.0,0.0,39.0,23101289.0,1,401,1912-05,train
3,S,missing,missing,Mr,8.05,0.0,0.0,26.0,341826.0,0,402,1912-05,train
3,S,missing,missing,Miss,9.825,1.0,0.0,21.0,4137.0,0,403,1912-06,train
3,S,missing,STONO,Mr,15.85,1.0,0.0,28.0,23101279.0,0,404,1912-06,train
3,S,missing,missing,Miss,8.6625,0.0,0.0,20.0,315096.0,0,405,1912-06,train
2,S,missing,missing,Mr,21.0,1.0,0.0,34.0,28664.0,0,406,1912-06,train
3,S,missing,missing,Mr,7.75,0.0,0.0,51.0,347064.0,0,407,1912-05,train
2,S,missing,missing,Master,18.75,1.0,1.0,3.0,29106.0,1,408,1912-07,test
3,S,missing,missing,Mr,7.775,0.0,0.0,21.0,312992.0,0,409,1912-04,train
3,S,missing,missing,Miss,25.4667,3.0,1.0,29.69911764705882,4133.0,0,410,1912-04,train
3,S,missing,missing,Mr,7.8958,0.0,0.0,29.69911764705882,349222.0,0,411,1912-07,test
3,Q,missing,missing,Mr,6.8583,0.0,0.0,29.69911764705882,394140.0,0,412,1912-05,train
1,Q,C,missing,Miss,90.0,1.0,0.0,33.0,19928.0,1,413,1912-05,train
2,S,missing,missing,Mr,0.0,0.0,0.0,29.69911764705882,239853.0,0,414,1912-06,train
3,S,missing,STONO,Mr,7.925,0.0,0.0,44.0,23101269.0,1,415,1912-07,test
3,S,missing,missing,Mrs,8.05,0.0,0.0,29.69911764705882,343095.0,0,416,1912-05,train
2,S,missing,missing,Mrs,32.5,1.0,1.0,34.0,28220.0,1,417,1912-04,train
2,S,missing,missing,Miss,13.0,0.0,2.0,18.0,250652.0,1,418,1912-07,test
2,S,missing,missing,Mr,13.0,0.0,0.0,30.0,28228.0,0,419,1912-07,test
3,S,missing,missing,Miss,24.15,0.0,2.0,10.0,345773.0,0,420,1912-06,train
3,C,missing,missing,Mr,7.8958,0.0,0.0,29.69911764705882,349254.0,0,421,1912-07,test
3,Q,missing,A,Mr,7.7333,0.0,0.0,21.0,513032.0,0,422,1912-05,train
3,S,missing,missing,Mr,7.875,0.0,0.0,29.0,315082.0,0,423,1912-04,train
3,S,missing,missing,Mrs,14.4,1.0,1.0,28.0,347080.0,0,424,1912-04,train
3,S,missing,missing,Mr,20.2125,1.0,1.0,18.0,370129.0,0,425,1912-06,train
3,S,missing,A,Mr,7.25,0.0,0.0,29.69911764705882,434244.0,0,426,1912-04,train
2,S,missing,missing,Mrs,26.0,1.0,0.0,28.0,2003.0,1,427,1912-06,train
2,S,missing,missing,Miss,26.0,0.0,0.0,19.0,250655.0,1,428,1912-04,train
3,Q,missing,missing,Mr,7.75,0.0,0.0,29.69911764705882,364851.0,0,429,1912-05,train
3,S,E,SOTONOQ,Mr,8.05,0.0,0.0,32.0,392078.0,1,430,1912-04,train
1,S,C,missing,Mr,26.55,0.0,0.0,28.0,110564.0,1,431,1912-07,test
3,S,missing,missing,Mrs,16.1,1.0,0.0,29.69911764705882,376564.0,1,432,1912-05,train
2,S,missing,SCAH,Mrs,26.0,1.0,0.0,42.0,3085.0,1,433,1912-07,test
3,S,missing,STONO,Mr,7.125,0.0,0.0,17.0,23101274.0,0,434,1912-07,test
1,S,E,missing,Mr,55.9,1.0,0.0,50.0,13507.0,0,435,1912-07,test
1,S,B,missing,Miss,120.0,1.0,2.0,14.0,113760.0,1,436,1912-05,train
3,S,missing,WC,Miss,34.375,2.0,2.0,21.0,6608.0,0,437,1912-06,train
2,S,missing,missing,Mrs,18.75,2.0,3.0,24.0,29106.0,1,438,1912-07,test
1,S,C,missing,Mr,263.0,1.0,4.0,64.0,19950.0,0,439,1912-05,train
2,S,missing,CA,Mr,10.5,0.0,0.0,31.0,18723.0,0,440,1912-07,test
2,S,missing,FCC,Mrs,26.25,1.0,1.0,45.0,13529.0,1,441,1912-05,train
3,S,missing,missing,Mr,9.5,0.0,0.0,20.0,345769.0,0,442,1912-04,train
3,S,missing,missing,Mr,7.775,1.0,0.0,25.0,347076.0,0,443,1912-07,test
2,S,missing,missing,Ms,13.0,0.0,0.0,28.0,230434.0,1,444,1912-07,test
3,S,missing,missing,Mr,8.1125,0.0,0.0,29.69911764705882,65306.0,1,445,1912-04,train
1,S,A,missing,Master,81.8583,0.0,2.0,4.0,33638.0,1,446,1912-06,train
2,S,missing,missing,Miss,19.5,0.0,1.0,13.0,250644.0,1,447,1912-06,train
1,S,missing,missing,Mr,26.55,0.0,0.0,34.0,113794.0,1,448,1912-05,train
3,C,missing,missing,Miss,19.2583,2.0,1.0,5.0,2666.0,1,449,1912-07,test
1,S,C,missing,Major,30.5,0.0,0.0,52.0,113786.0,1,450,1912-04,train
2,S,missing,CA,Mr,27.75,1.0,2.0,36.0,34651.0,0,451,1912-05,train
3,S,missing,missing,Mr,19.9667,1.0,0.0,29.69911764705882,65303.0,0,452,1912-07,test
1,C,C,missing,Mr,27.75,0.0,0.0,30.0,113051.0,0,453,1912-04,train
1,C,C,missing,Mr,89.1042,1.0,0.0,49.0,17453.0,1,454,1912-04,train
3,S,missing,A,Mr,8.05,0.0,0.0,29.69911764705882,52817.0,0,455,1912-05,train
3,C,missing,missing,Mr,7.8958,0.0,0.0,29.0,349240.0,1,456,1912-06,train
1,S,E,missing,Mr,26.55,0.0,0.0,65.0,13509.0,0,457,1912-05,train
1,S,D,missing,Mrs,51.8625,1.0,0.0,29.69911764705882,17464.0,1,458,1912-05,train
2,S,missing,FCC,Miss,10.5,0.0,0.0,50.0,13531.0,1,459,1912-06,train
3,Q,missing,missing,Mr,7.75,0.0,0.0,29.69911764705882,371060.0,0,460,1912-05,train
1,S,E,missing,Mr,26.55,0.0,0.0,48.0,19952.0,1,461,1912-05,train
3,S,missing,missing,Mr,8.05,0.0,0.0,34.0,364506.0,0,462,1912-06,train
1,S,E,missing,Mr,38.5,0.0,0.0,47.0,111320.0,0,463,1912-06,train
2,S,missing,missing,Mr,13.0,0.0,0.0,48.0,234360.0,0,464,1912-06,train
3,S,missing,LOW,Mr,8.05,0.0,0.0,29.69911764705882,2816.0,0,465,1912-07,test
3,S,missing,SOTONOQ,Mr,7.05,0.0,0.0,38.0,3101306.0,0,466,1912-05,train
2,S,missing,missing,Mr,0.0,0.0,0.0,29.69911764705882,239853.0,0,467,1912-06,train
1,S,missing,missing,Mr,26.55,0.0,0.0,56.0,113792.0,0,468,1912-07,test
3,Q,missing,missing,Mr,7.725,0.0,0.0,29.69911764705882,36209.0,0,469,1912-07,test
3,C,missing,missing,Miss,19.2583,2.0,1.0,0.75,2666.0,1,470,1912-04,train
3,S,missing,missing,Mr,7.25,0.0,0.0,29.69911764705882,323592.0,0,471,1912-05,train
3,S,missing,missing,Mr,8.6625,0.0,0.0,38.0,315089.0,0,472,1912-07,test
2,S,missing,CA,Mrs,27.75,1.0,2.0,33.0,34651.0,1,473,1912-05,train
2,C,D,SCAHBasle,Mrs,13.7917,0.0,0.0,23.0,541.0,1,474,1912-06,train
3,S,missing,missing,Miss,9.8375,0.0,0.0,22.0,7553.0,0,475,1912-04,train
1,S,A,missing,Mr,52.0,0.0,0.0,29.69911764705882,110465.0,0,476,1912-04,train
2,S,missing,missing,Mr,21.0,1.0,0.0,34.0,31027.0,0,477,1912-04,train
3,S,missing,missing,Mr,7.0458,1.0,0.0,29.0,3460.0,0,478,1912-04,train
3,S,missing,missing,Mr,7.5208,0.0,0.0,22.0,350060.0,0,479,1912-06,train
3,S,missing,missing,Miss,12.2875,0.0,1.0,2.0,3101298.0,1,480,1912-05,train
3,S,missing,CA,Master,46.9,5.0,2.0,9.0,2144.0,0,481,1912-04,train
2,S,missing,missing,Mr,0.0,0.0,0.0,29.69911764705882,239854.0,0,482,1912-06,train
3,S,missing,A,Mr,8.05,0.0,0.0,50.0,53594.0,0,483,1912-06,train
3,S,missing,missing,Mrs,9.5875,0.0,0.0,63.0,4134.0,1,484,1912-07,test
1,C,B,missing,Mr,91.0792,1.0,0.0,25.0,11967.0,1,485,1912-06,train
3,S,missing,missing,Miss,25.4667,3.0,1.0,29.69911764705882,4133.0,0,486,1912-06,train
1,S,C,missing,Mrs,90.0,1.0,0.0,35.0,19943.0,1,487,1912-04,train
1,C,B,missing,Mr,29.7,0.0,0.0,58.0,11771.0,0,488,1912-04,train
3,S,missing,A,Mr,8.05,0.0,0.0,30.0,518509.0,0,489,1912-07,test
3,S,missing,CA,Master,15.9,1.0,1.0,9.0,37671.0,1,490,1912-07,test
3,S,missing,missing,Mr,19.9667,1.0,0.0,29.69911764705882,65304.0,0,491,1912-06,train
3,S,missing,SOTONOQ,Mr,7.25,0.0,0.0,21.0,3101317.0,0,492,1912-06,train
1,S,C,missing,Mr,30.5,0.0,0.0,55.0,113787.0,0,493,1912-07,test
1,C,missing,PC,Mr,49.5042,0.0,0.0,71.0,17609.0,0,494,1912-06,train
3,S,missing,A,Mr,8.05,0.0,0.0,21.0,445380.0,0,495,1912-07,test
3,C,missing,missing,Mr,14.4583,0.0,0.0,29.69911764705882,2627.0,0,496,1912-04,train
1,C,D,missing,Miss,78.2667,1.0,0.0,54.0,36947.0,1,497,1912-07,test
3,S,missing,CA,Mr,15.1,0.0,0.0,29.69911764705882,6212.0,0,498,1912-07,test
1,S,C,missing,Mrs,151.55,1.0,2.0,25.0,113781.0,0,499,1912-05,train
3,S,missing,missing,Mr,7.7958,0.0,0.0,24.0,350035.0,0,500,1912-04,train
3,S,missing,missing,Mr,8.6625,0.0,0.0,17.0,315086.0,0,501,1912-06,train
3,Q,missing,missing,Miss,7.75,0.0,0.0,21.0,364846.0,0,502,1912-05,train
3,Q,missing,missing,Miss,7.6292,0.0,0.0,29.69911764705882,330909.0,0,503,1912-07,test
3,S,missing,missing,Miss,9.5875,0.0,0.0,37.0,4135.0,0,504,1912-07,test
1,S,B,missing,Miss,86.5,0.0,0.0,16.0,110152.0,1,505,1912-06,train
1,C,C,PC,Mr,108.9,1.0,0.0,18.0,17758.0,0,506,1912-05,train
2,S,missing,missing,Mrs,26.0,0.0,2.0,33.0,26360.0,1,507,1912-07,test
1,S,missing,missing,Mr,26.55,0.0,0.0,29.69911764705882,111427.0,1,508,1912-05,train
3,S,missing,CA,Mr,22.525,0.0,0.0,28.0,4001.0,0,509,1912-06,train
3,S,missing,missing,Mr,56.4958,0.0,0.0,26.0,1601.0,1,510,1912-04,train
3,Q,missing,missing,Mr,7.75,0.0,0.0,29.0,382651.0,1,511,1912-07,test
3,S,missing,SOTONOQ,Mr,8.05,0.0,0.0,29.69911764705882,3101316.0,0,512,1912-07,test
1,S,E,PC,Mr,26.2875,0.0,0.0,36.0,17473.0,1,513,1912-07,test
1,C,missing,PC,Mrs,59.4,1.0,0.0,54.0,17603.0,1,514,1912-06,train
3,S,missing,missing,Mr,7.4958,0.0,0.0,24.0,349209.0,0,515,1912-04,train
1,S,D,missing,Mr,34.0208,0.0,0.0,47.0,36967.0,0,516,1912-07,test
2,S,F,CA,Mrs,10.5,0.0,0.0,34.0,34260.0,1,517,1912-05,train
3,Q,missing,missing,Mr,24.15,0.0,0.0,29.69911764705882,371110.0,0,518,1912-06,train
2,S,missing,missing,Mrs,26.0,1.0,0.0,36.0,226875.0,1,519,1912-04,train
3,S,missing,missing,Mr,7.8958,0.0,0.0,32.0,349242.0,0,520,1912-07,test
1,S,B,missing,Miss,93.5,0.0,0.0,30.0,12749.0,1,521,1912-05,train
3,S,missing,missing,Mr,7.8958,0.0,0.0,22.0,349252.0,0,522,1912-07,test
3,C,missing,missing,Mr,7.225,0.0,0.0,29.69911764705882,2624.0,0,523,1912-06,train
1,C,B,missing,Mrs,57.9792,0.0,1.0,44.0,111361.0,1,524,1912-05,train
3,C,missing,missing,Mr,7.2292,0.0,0.0,29.69911764705882,2700.0,0,525,1912-04,train
3,Q,missing,missing,Mr,7.75,0.0,0.0,40.5,367232.0,0,526,1912-04,train
2,S,missing,WC,Miss,10.5,0.0,0.0,50.0,14258.0,1,527,1912-06,train
1,S,C,PC,Mr,221.7792,0.0,0.0,29.69911764705882,17483.0,0,528,1912-06,train
3,S,missing,missing,Mr,7.925,0.0,0.0,39.0,3101296.0,0,529,1912-07,test
2,S,missing,missing,Mr,11.5,2.0,1.0,23.0,29104.0,0,530,1912-06,train
2,S,missing,missing,Miss,26.0,1.0,1.0,2.0,26360.0,1,531,1912-05,train
3,C,missing,missing,Mr,7.2292,0.0,0.0,29.69911764705882,2641.0,0,532,1912-07,test
3,C,missing,missing,Mr,7.2292,1.0,1.0,17.0,2690.0,0,533,1912-06,train
3,C,missing,missing,Mrs,22.3583,0.0,2.0,29.69911764705882,2668.0,1,534,1912-07,test
3,S,missing,missing,Miss,8.6625,0.0,0.0,30.0,315084.0,0,535,1912-05,train
2,S,missing,FCC,Miss,26.25,0.0,2.0,7.0,13529.0,1,536,1912-07,test
1,S,B,missing,Major,26.55,0.0,0.0,45.0,113050.0,0,537,1912-04,train
1,C,missing,PC,Miss,106.425,0.0,0.0,30.0,17761.0,1,538,1912-06,train
3,S,missing,missing,Mr,14.5,0.0,0.0,29.69911764705882,364498.0,0,539,1912-04,train
1,C,B,missing,Miss,49.5,0.0,2.0,22.0,13568.0,1,540,1912-07,test
1,S,B,WEP,Miss,71.0,0.0,2.0,36.0,5735.0,1,541,1912-04,train
3,S,missing,missing,Miss,31.275,4.0,2.0,9.0,347082.0,0,542,1912-06,train
3,S,missing,missing,Miss,31.275,4.0,2.0,11.0,347082.0,0,543,1912-04,train
2,S,missing,missing,Mr,26.0,1.0,0.0,32.0,2908.0,1,544,1912-07,test
1,C,C,PC,Mr,106.425,1.0,0.0,50.0,17761.0,0,545,1912-04,train
1,S,missing,missing,Mr,26.0,0.0,0.0,64.0,693.0,0,546,1912-05,train
2,S,missing,missing,Mrs,26.0,1.0,0.0,19.0,2908.0,1,547,1912-05,train
2,C,missing,SCPARIS,Mr,13.8625,0.0,0.0,29.69911764705882,2146.0,1,548,1912-04,train
3,S,missing,missing,Mr,20.525,1.0,1.0,33.0,363291.0,0,549,1912-07,test
2,S,missing,CA,Master,36.75,1.0,1.0,8.0,33112.0,1,550,1912-06,train
1,C,C,missing,Mr,110.8833,0.0,2.0,17.0,17421.0,1,551,1912-06,train
2,S,missing,missing,Mr,26.0,0.0,0.0,27.0,244358.0,0,552,1912-05,train
3,Q,missing,missing,Mr,7.8292,0.0,0.0,29.69911764705882,330979.0,0,553,1912-05,train
3,C,missing,missing,Mr,7.225,0.0,0.0,22.0,2620.0,1,554,1912-05,train
3,S,missing,missing,Miss,7.775,0.0,0.0,22.0,347085.0,1,555,1912-06,train
1,S,missing,missing,Mr,26.55,0.0,0.0,62.0,113807.0,0,556,1912-06,train
1,C,A,missing,Miss,39.6,1.0,0.0,48.0,11755.0,1,557,1912-04,train
1,C,missing,PC,Mr,227.525,0.0,0.0,29.69911764705882,17757.0,0,558,1912-04,train
1,S,E,missing,Mrs,79.65,1.0,1.0,39.0,110413.0,1,559,1912-06,train
3,S,missing,missing,Mrs,17.4,1.0,0.0,36.0,345572.0,1,560,1912-07,test
3,Q,missing,missing,Mr,7.75,0.0,0.0,29.69911764705882,372622.0,0,561,1912-04,train
3,S,missing,missing,Mr,7.8958,0.0,0.0,40.0,349251.0,0,562,1912-05,train
2,S,missing,missing,Mr,13.5,0.0,0.0,28.0,218629.0,0,563,1912-06,train
3,S,missing,SOTONOQ,Mr,8.05,0.0,0.0,29.69911764705882,392082.0,0,564,1912-06,train
3,S,missing,SOTONOQ,Miss,8.05,0.0,0.0,29.69911764705882,392087.0,0,565,1912-06,train
3,S,missing,A,Mr,24.15,2.0,0.0,24.0,448871.0,0,566,1912-05,train
3,S,missing,missing,Mr,7.8958,0.0,0.0,19.0,349205.0,0,567,1912-07,test
3,S,missing,missing,Mrs,21.075,0.0,4.0,29.0,349909.0,0,568,1912-07,test
3,C,missing,missing,Mr,7.2292,0.0,0.0,29.69911764705882,2686.0,0,569,1912-05,train
3,S,missing,missing,Mr,7.8542,0.0,0.0,32.0,350417.0,1,570,1912-07,test
2,S,missing,SWPP,Mr,10.5,0.0,0.0,62.0,752.0,1,571,1912-06,train
1,S,C,missing,Mrs,51.4792,2.0,0.0,53.0,11769.0,1,572,1912-06,train
1,S,E,PC,Mr,26.3875,0.0,0.0,36.0,17474.0,1,573,1912-05,train
3,Q,missing,missing,Miss,7.75,0.0,0.0,29.69911764705882,14312.0,1,574,1912-06,train
3,S,missing,A,Mr,8.05,0.0,0.0,16.0,420589.0,0,575,1912-05,train
3,S,missing,missing,Mr,14.5,0.0,0.0,19.0,358585.0,0,576,1912-04,train
2,S,missing,missing,Miss,13.0,0.0,0.0,34.0,243880.0,1,577,1912-07,test
1,S,E,missing,Mrs,55.9,1.0,0.0,39.0,13507.0,1,578,1912-06,train
3,C,missing,missing,Mrs,14.4583,1.0,0.0,29.69911764705882,2689.0,0,579,1912-07,test
3,S,missing,STONO,Mr,7.925,0.0,0.0,32.0,23101286.0,1,580,1912-05,train
2,S,missing,missing,Miss,30.0,1.0,1.0,25.0,237789.0,1,581,1912-06,train
1,C,C,missing,Mrs,110.8833,1.0,1.0,39.0,17421.0,1,582,1912-05,train
2,S,missing,missing,Mr,26.0,0.0,0.0,54.0,28403.0,0,583,1912-04,train
1,C,A,missing,Mr,40.125,0.0,0.0,36.0,13049.0,0,584,1912-05,train
3,C,missing,missing,Mr,8.7125,0.0,0.0,29.69911764705882,3411.0,0,585,1912-07,test
1,S,E,missing,Miss,79.65,0.0,2.0,18.0,110413.0,1,586,1912-05,train
2,S,missing,missing,Mr,15.0,0.0,0.0,47.0,237565.0,0,587,1912-06,train
1,C,B,missing,Mr,79.2,1.0,1.0,60.0,13567.0,1,588,1912-07,test
3,S,missing,missing,Mr,8.05,0.0,0.0,22.0,14973.0,0,589,1912-05,train
3,S,missing,A,Mr,8.05,0.0,0.0,29.69911764705882,53235.0,0,590,1912-05,train
3,S,missing,STONO,Mr,7.125,0.0,0.0,35.0,23101273.0,0,591,1912-05,train
1,C,D,missing,Mrs,78.2667,1.0,0.0,52.0,36947.0,1,592,1912-07,test
3,S,missing,A,Mr,7.25,0.0,0.0,47.0,53902.0,0,593,1912-06,train
3,Q,missing,missing,Miss,7.75,0.0,2.0,29.69911764705882,364848.0,0,594,1912-06,train
2,S,missing,SCAH,Mr,26.0,1.0,0.0,37.0,29037.0,0,595,1912-07,test
3,S,missing,missing,Mr,24.15,1.0,1.0,36.0,345773.0,0,596,1912-05,train
2,S,missing,missing,Miss,33.0,0.0,0.0,29.69911764705882,248727.0,1,597,1912-04,train
3,S,missing,LINE,Mr,0.0,0.0,0.0,49.0,0.0,0,598,1912-05,train
3,C,missing,missing,Mr,7.225,0.0,0.0,29.69911764705882,2664.0,0,599,1912-06,train
1,C,A,PC,Sir,56.9292,1.0,0.0,49.0,17485.0,1,600,1912-04,train
2,S,missing,missing,Mrs,27.0,2.0,1.0,24.0,243847.0,1,601,1912-04,train
3,S,missing,missing,Mr,7.8958,0.0,0.0,29.69911764705882,349214.0,0,602,1912-05,train
1,S,missing,missing,Mr,42.4,0.0,0.0,29.69911764705882,113796.0,0,603,1912-07,test
3,S,missing,missing,Mr,8.05,0.0,0.0,44.0,364511.0,0,604,1912-06,train
1,C,missing,missing,Mr,26.55,0.0,0.0,35.0,111426.0,1,605,1912-07,test
3,S,missing,missing,Mr,15.55,1.0,0.0,36.0,349910.0,0,606,1912-04,train
3,S,missing,missing,Mr,7.8958,0.0,0.0,30.0,349246.0,0,607,1912-05,train
1,S,missing,missing,Mr,30.5,0.0,0.0,27.0,113804.0,1,608,1912-04,train
2,C,missing,SCParis,Mrs,41.5792,1.0,2.0,22.0,2123.0,1,609,1912-04,train
1,S,C,PC,Miss,153.4625,0.0,0.0,40.0,17582.0,1,610,1912-04,train
3,S,missing,missing,Mrs,31.275,1.0,5.0,39.0,347082.0,0,611,1912-05,train
3,S,missing,SOTONOQ,Mr,7.05,0.0,0.0,29.69911764705882,3101305.0,0,612,1912-04,train
3,Q,missing,missing,Miss,15.5,1.0,0.0,29.69911764705882,367230.0,1,613,1912-07,test
3,Q,missing,missing,Mr,7.75,0.0,0.0,29.69911764705882,370377.0,0,614,1912-07,test
3,S,missing,missing,Mr,8.05,0.0,0.0,35.0,364512.0,0,615,1912-06,train
2,S,missing,missing,Miss,65.0,1.0,2.0,24.0,220845.0,1,616,1912-06,train
3,S,missing,missing,Mr,14.4,1.0,1.0,34.0,347080.0,0,617,1912-04,train
3,S,missing,A,Mrs,16.1,1.0,0.0,26.0,53336.0,0,618,1912-05,train
2,S,F,missing,Miss,39.0,2.0,1.0,4.0,230136.0,1,619,1912-04,train
2,S,missing,missing,Mr,10.5,0.0,0.0,26.0,31028.0,0,620,1912-05,train
3,C,missing,missing,Mr,14.4542,1.0,0.0,27.0,2659.0,0,621,1912-07,test
1,S,D,missing,Mr,52.5542,1.0,0.0,42.0,11753.0,1,622,1912-05,train
3,C,missing,missing,Mr,15.7417,1.0,1.0,20.0,2653.0,1,623,1912-07,test
3,S,missing,missing,Mr,7.8542,0.0,0.0,21.0,350029.0,0,624,1912-07,test
3,S,missing,missing,Mr,16.1,0.0,0.0,21.0,54636.0,0,625,1912-07,test
1,S,D,missing,Mr,32.3208,0.0,0.0,61.0,36963.0,0,626,1912-05,train
2,Q,missing,missing,LOW,12.35,0.0,0.0,57.0,219533.0,0,627,1912-05,train
1,S,D,missing,Miss,77.9583,0.0,0.0,21.0,13502.0,1,628,1912-05,train
3,S,missing,missing,Mr,7.8958,0.0,0.0,26.0,349224.0,0,629,1912-06,train
3,Q,missing,missing,Mr,7.7333,0.0,0.0,29.69911764705882,334912.0,0,630,1912-07,test
1,S,A,missing,Mr,30.0,0.0,0.0,80.0,27042.0,1,631,1912-07,test
3,S,missing,missing,Mr,7.0542,0.0,0.0,51.0,347743.0,0,632,1912-05,train
1,C,B,missing,Dr,30.5,0.0,0.0,32.0,13214.0,1,633,1912-07,test
1,S,missing,missing,Mr,0.0,0.0,0.0,29.69911764705882,112052.0,0,634,1912-06,train
3,S,missing,missing,Miss,27.9,3.0,2.0,9.0,347088.0,0,635,1912-06,train
2,S,missing,missing,Miss,13.0,0.0,0.0,28.0,237668.0,1,636,1912-07,test
3,S,missing,STONO,Mr,7.925,0.0,0.0,32.0,23101292.0,0,637,1912-04,train
2,S,missing,CA,Mr,26.25,1.0,1.0,31.0,31921.0,0,638,1912-05,train
3,S,missing,missing,Mrs,39.6875,0.0,5.0,41.0,3101295.0,0,639,1912-04,train
3,S,missing,missing,Mr,16.1,1.0,0.0,29.69911764705882,376564.0,0,640,1912-04,train
3,S,missing,missing,Mr,7.8542,0.0,0.0,20.0,350050.0,0,641,1912-04,train
1,C,B,PC,Mlle,69.3,0.0,0.0,24.0,17477.0,1,642,1912-04,train
3,S,missing,missing,Miss,27.9,3.0,2.0,2.0,347088.0,0,643,1912-07,test
3,S,missing,missing,Mr,56.4958,0.0,0.0,29.69911764705882,1601.0,1,644,1912-06,train
3,C,missing,missing,Miss,19.2583,2.0,1.0,0.75,2666.0,1,645,1912-07,test
1,C,D,PC,Mr,76.7292,1.0,0.0,48.0,17572.0,1,646,1912-06,train
3,S,missing,missing,Mr,7.8958,0.0,0.0,19.0,349231.0,0,647,1912-05,train
1,C,A,missing,Col,35.5,0.0,0.0,56.0,13213.0,1,648,1912-07,test
3,S,missing,LOW,Mr,7.55,0.0,0.0,29.69911764705882,751.0,0,649,1912-05,train
3,S,missing,CA,Miss,7.55,0.0,0.0,23.0,2314.0,1,650,1912-05,train
3,S,missing,missing,Mr,7.8958,0.0,0.0,29.69911764705882,349221.0,0,651,1912-04,train
2,S,missing,missing,Miss,23.0,0.0,1.0,18.0,231919.0,1,652,1912-04,train
3,S,missing,missing,Mr,8.4333,0.0,0.0,21.0,8475.0,0,653,1912-07,test
3,Q,missing,missing,Miss,7.8292,0.0,0.0,29.69911764705882,330919.0,1,654,1912-05,train
3,Q,missing,missing,Miss,6.75,0.0,0.0,18.0,365226.0,0,655,1912-04,train
2,S,missing,SOC,Mr,73.5,2.0,0.0,24.0,14879.0,0,656,1912-07,test
3,S,missing,missing,Mr,7.8958,0.0,0.0,29.69911764705882,349223.0,0,657,1912-06,train
3,Q,missing,missing,Mrs,15.5,1.0,1.0,32.0,364849.0,0,658,1912-05,train
2,S,missing,missing,Mr,13.0,0.0,0.0,23.0,29751.0,0,659,1912-04,train
1,C,D,missing,Mr,113.275,0.0,2.0,58.0,35273.0,0,660,1912-07,test
1,S,missing,PC,Dr,133.65,2.0,0.0,50.0,17611.0,1,661,1912-06,train
3,C,missing,missing,Mr,7.225,0.0,0.0,40.0,2623.0,0,662,1912-04,train
1,S,E,missing,Mr,25.5875,0.0,0.0,47.0,5727.0,0,663,1912-04,train
3,S,missing,missing,Mr,7.4958,0.0,0.0,36.0,349210.0,0,664,1912-04,train
3,S,missing,STONO,Mr,7.925,1.0,0.0,20.0,23101285.0,1,665,1912-05,train
2,S,missing,SOC,Mr,73.5,2.0,0.0,32.0,14879.0,0,666,1912-04,train
2,S,missing,missing,Mr,13.0,0.0,0.0,25.0,234686.0,0,667,1912-06,train
3,S,missing,missing,Mr,7.775,0.0,0.0,29.69911764705882,312993.0,0,668,1912-04,train
3,S,missing,A,Mr,8.05,0.0,0.0,43.0,53536.0,0,669,1912-07,test
1,S,C,missing,Mrs,52.0,1.0,0.0,29.69911764705882,19996.0,1,670,1912-04,train
2,S,missing,missing,Mrs,39.0,1.0,1.0,40.0,29750.0,1,671,1912-05,train
1,S,B,FCC,Mr,52.0,1.0,0.0,31.0,12750.0,0,672,1912-04,train
2,S,missing,CA,Mr,10.5,0.0,0.0,70.0,24580.0,0,673,1912-07,test
2,S,missing,missing,Mr,13.0,0.0,0.0,31.0,244270.0,1,674,1912-05,train
2,S,missing,missing,Mr,0.0,0.0,0.0,29.69911764705882,239856.0,0,675,1912-06,train
3,S,missing,missing,Mr,7.775,0.0,0.0,18.0,349912.0,0,676,1912-05,train
3,S,missing,missing,Mr,8.05,0.0,0.0,24.5,342826.0,0,677,1912-07,test
3,S,missing,missing,Miss,9.8417,0.0,0.0,18.0,4138.0,1,678,1912-07,test
3,S,missing,CA,Mrs,46.9,1.0,6.0,43.0,2144.0,0,679,1912-06,train
1,C,B,PC,Mr,512.3292,0.0,1.0,36.0,17755.0,1,680,1912-06,train
3,Q,missing,missing,Miss,8.1375,0.0,0.0,29.69911764705882,330935.0,0,681,1912-06,train
1,C,D,PC,Mr,76.7292,0.0,0.0,27.0,17572.0,1,682,1912-05,train
3,S,missing,missing,Mr,9.225,0.0,0.0,20.0,6563.0,0,683,1912-05,train
3,S,missing,CA,Mr,46.9,5.0,2.0,14.0,2144.0,0,684,1912-04,train
2,S,missing,missing,Mr,39.0,1.0,1.0,60.0,29750.0,0,685,1912-05,train
2,C,missing,SCParis,Mr,41.5792,1.0,2.0,25.0,2123.0,0,686,1912-06,train
3,S,missing,missing,Mr,39.6875,4.0,1.0,14.0,3101295.0,0,687,1912-07,test
3,S,missing,missing,Mr,10.1708,0.0,0.0,19.0,349228.0,0,688,1912-04,train
3,S,missing,missing,Mr,7.7958,0.0,0.0,18.0,350036.0,0,689,1912-06,train
1,S,B,missing,Miss,211.3375,0.0,1.0,15.0,24160.0,1,690,1912-07,test
1,S,B,missing,Mr,57.0,1.0,0.0,31.0,17474.0,1,691,1912-05,train
3,C,missing,missing,Miss,13.4167,0.0,1.0,4.0,349256.0,1,692,1912-07,test
3,S,missing,missing,Mr,56.4958,0.0,0.0,29.69911764705882,1601.0,1,693,1912-04,train
3,C,missing,missing,Mr,7.225,0.0,0.0,25.0,2672.0,0,694,1912-06,train
1,S,missing,missing,Col,26.55,0.0,0.0,60.0,113800.0,0,695,1912-04,train
2,S,missing,missing,Mr,13.5,0.0,0.0,52.0,248731.0,0,696,1912-06,train
3,S,missing,missing,Mr,8.05,0.0,0.0,44.0,363592.0,0,697,1912-05,train
3,Q,missing,missing,Miss,7.7333,0.0,0.0,29.69911764705882,35852.0,1,698,1912-04,train
1,C,C,missing,Mr,110.8833,1.0,1.0,49.0,17421.0,0,699,1912-05,train
3,S,F,missing,Mr,7.65,0.0,0.0,42.0,348121.0,0,700,1912-04,train
1,C,C,PC,Mrs,227.525,1.0,0.0,18.0,17757.0,1,701,1912-05,train
1,S,E,PC,Mr,26.2875,0.0,0.0,35.0,17475.0,1,702,1912-07,test
3,C,missing,missing,Miss,14.4542,0.0,1.0,18.0,2691.0,0,703,1912-04,train
3,Q,missing,missing,Mr,7.7417,0.0,0.0,25.0,36864.0,0,704,1912-04,train
3,S,missing,missing,Mr,7.8542,1.0,0.0,26.0,350025.0,0,705,1912-04,train
2,S,missing,missing,Mr,26.0,0.0,0.0,39.0,250655.0,0,706,1912-07,test
2,S,missing,missing,Mrs,13.5,0.0,0.0,45.0,223596.0,1,707,1912-06,train
1,S,E,PC,Mr,26.2875,0.0,0.0,42.0,17476.0,1,708,1912-04,train
1,S,missing,missing,Miss,151.55,0.0,0.0,22.0,113781.0,1,709,1912-06,train
3,C,missing,missing,Master,15.2458,1.0,1.0,29.69911764705882,2661.0,1,710,1912-04,train
1,C,C,PC,Mlle,49.5042,0.0,0.0,24.0,17482.0,1,711,1912-05,train
1,S,C,missing,Mr,26.55,0.0,0.0,29.69911764705882,113028.0,0,712,1912-04,train
1,S,C,missing,Mr,52.0,1.0,0.0,48.0,19996.0,1,713,1912-07,test
3,S,missing,missing,Mr,9.4833,0.0,0.0,29.0,7545.0,0,714,1912-05,train
2,S,missing,missing,Mr,13.0,0.0,0.0,52.0,250647.0,0,715,1912-07,test
3,S,F,missing,Mr,7.65,0.0,0.0,19.0,348124.0,0,716,1912-07,test
1,C,C,PC,Miss,227.525,0.0,0.0,38.0,17757.0,1,717,1912-04,train
2,S,E,missing,Miss,10.5,0.0,0.0,27.0,34218.0,1,718,1912-06,train
3,Q,missing,missing,Mr,15.5,0.0,0.0,29.69911764705882,36568.0,0,719,1912-04,train
3,S,missing,missing,Mr,7.775,0.0,0.0,33.0,347062.0,0,720,1912-06,train
2,S,missing,missing,Miss,33.0,0.0,1.0,6.0,248727.0,1,721,1912-06,train
3,S,missing,missing,Mr,7.0542,1.0,0.0,17.0,350048.0,0,722,1912-04,train
2,S,missing,missing,Mr,13.0,0.0,0.0,34.0,12233.0,0,723,1912-06,train
2,S,missing,missing,Mr,13.0,0.0,0.0,50.0,250643.0,0,724,1912-04,train
1,S,E,missing,Mr,53.1,1.0,0.0,27.0,113806.0,1,725,1912-07,test
3,S,missing,missing,Mr,8.6625,0.0,0.0,20.0,315094.0,0,726,1912-04,train
2,S,missing,missing,Mrs,21.0,3.0,0.0,30.0,31027.0,1,727,1912-06,train
3,Q,missing,missing,Miss,7.7375,0.0,0.0,29.69911764705882,36866.0,1,728,1912-06,train
2,S,missing,missing,Mr,26.0,1.0,0.0,25.0,236853.0,0,729,1912-05,train
3,S,missing,STONO,Miss,7.925,1.0,0.0,25.0,23101271.0,0,730,1912-06,train
1,S,B,missing,Miss,211.3375,0.0,0.0,29.0,24160.0,1,731,1912-07,test
3,C,missing,missing,Mr,18.7875,0.0,0.0,11.0,2699.0,0,732,1912-04,train
2,S,missing,missing,Mr,0.0,0.0,0.0,29.69911764705882,239855.0,0,733,1912-06,train
2,S,missing,missing,Mr,13.0,0.0,0.0,23.0,28425.0,0,734,1912-04,train
2,S,missing,missing,Mr,13.0,0.0,0.0,23.0,233639.0,0,735,1912-07,test
3,S,missing,missing,Mr,16.1,0.0,0.0,28.5,54636.0,0,736,1912-05,train
3,S,missing,WC,Mrs,34.375,1.0,3.0,48.0,6608.0,0,737,1912-05,train
1,C,B,PC,Mr,512.3292,0.0,0.0,35.0,17755.0,1,738,1912-06,train
3,S,missing,missing,Mr,7.8958,0.0,0.0,29.69911764705882,349201.0,0,739,1912-06,train
3,S,missing,missing,Mr,7.8958,0.0,0.0,29.69911764705882,349218.0,0,740,1912-07,test
1,S,D,missing,Mr,30.0,0.0,0.0,29.69911764705882,16988.0,1,741,1912-07,test
1,S,C,missing,Mr,78.85,1.0,0.0,36.0,19877.0,0,742,1912-04,train
1,C,B,PC,Miss,262.375,2.0,2.0,21.0,17608.0,1,743,1912-05,train
3,S,missing,missing,Mr,16.1,1.0,0.0,24.0,376566.0,0,744,1912-07,test
3,S,missing,STONO,Mr,7.925,0.0,0.0,31.0,23101288.0,1,745,1912-04,train
1,S,B,WEP,LOW,71.0,1.0,1.0,70.0,5735.0,0,746,1912-06,train
3,S,missing,CA,Mr,20.25,1.0,1.0,16.0,2673.0,0,747,1912-05,train
2,S,missing,missing,Miss,13.0,0.0,0.0,30.0,250648.0,1,748,1912-05,train
1,S,D,missing,Mr,53.1,1.0,0.0,19.0,113773.0,0,749,1912-06,train
3,Q,missing,missing,Mr,7.75,0.0,0.0,31.0,335097.0,0,750,1912-07,test
2,S,missing,missing,Miss,23.0,1.0,1.0,4.0,29103.0,1,751,1912-06,train
3,S,E,missing,Master,12.475,0.0,1.0,6.0,392096.0,1,752,1912-04,train
3,S,missing,missing,Mr,9.5,0.0,0.0,33.0,345780.0,0,753,1912-07,test
3,S,missing,missing,Mr,7.8958,0.0,0.0,23.0,349204.0,0,754,1912-06,train
2,S,missing,missing,Mrs,65.0,1.0,2.0,48.0,220845.0,1,755,1912-05,train
2,S,missing,missing,Master,14.5,1.0,1.0,0.67,250649.0,1,756,1912-04,train
3,S,missing,missing,Mr,7.7958,0.0,0.0,28.0,350042.0,0,757,1912-04,train
2,S,missing,missing,Mr,11.5,0.0,0.0,18.0,29108.0,0,758,1912-06,train
3,S,missing,missing,Mr,8.05,0.0,0.0,34.0,363294.0,0,759,1912-06,train
1,S,B,missing,Countess,86.5,0.0,0.0,33.0,110152.0,1,760,1912-07,test
3,S,missing,missing,Mr,14.5,0.0,0.0,29.69911764705882,358585.0,0,761,1912-06,train
3,S,missing,LOW,Mr,7.125,0.0,0.0,41.0,23101272.0,0,762,1912-06,train
3,C,missing,missing,Mr,7.2292,0.0,0.0,20.0,2663.0,1,763,1912-06,train
1,S,B,missing,Mrs,120.0,1.0,2.0,36.0,113760.0,1,764,1912-06,train
3,S,missing,missing,Mr,7.775,0.0,0.0,16.0,347074.0,0,765,1912-06,train
1,S,D,missing,Mrs,77.9583,1.0,0.0,51.0,13502.0,1,766,1912-04,train
1,C,missing,missing,Dr,39.6,0.0,0.0,29.69911764705882,112379.0,0,767,1912-04,train
3,Q,missing,missing,Miss,7.75,0.0,0.0,30.5,364850.0,0,768,1912-05,train
3,Q,missing,missing,Mr,24.15,1.0,0.0,29.69911764705882,371110.0,0,769,1912-06,train
3,S,missing,missing,Mr,8.3625,0.0,0.0,32.0,8471.0,0,770,1912-06,train
3,S,missing,missing,Mr,9.5,0.0,0.0,24.0,345781.0,0,771,1912-06,train
3,S,missing,missing,Mr,7.8542,0.0,0.0,48.0,350047.0,0,772,1912-04,train
2,S,E,LOW,Mrs,10.5,0.0,0.0,57.0,3.0,0,773,1912-07,test
3,C,missing,missing,Mr,7.225,0.0,0.0,29.69911764705882,2674.0,0,774,1912-06,train
2,S,missing,missing,Mrs,23.0,1.0,3.0,54.0,29105.0,1,775,1912-07,test
3,S,missing,missing,Mr,7.75,0.0,0.0,18.0,347078.0,0,776,1912-07,test
3,Q,F,missing,Mr,7.75,0.0,0.0,29.69911764705882,383121.0,0,777,1912-06,train
3,S,missing,missing,Miss,12.475,0.0,0.0,5.0,364516.0,1,778,1912-07,test
3,Q,missing,missing,Mr,7.7375,0.0,0.0,29.69911764705882,36865.0,0,779,1912-04,train
1,S,B,missing,Mrs,211.3375,0.0,1.0,43.0,24160.0,1,780,1912-04,train
3,C,missing,missing,Miss,7.2292,0.0,0.0,13.0,2687.0,1,781,1912-05,train
1,S,B,missing,Mrs,57.0,1.0,0.0,17.0,17474.0,1,782,1912-04,train
1,S,D,missing,Mr,30.0,0.0,0.0,29.0,113501.0,0,783,1912-07,test
3,S,missing,WC,Mr,23.45,1.0,2.0,29.69911764705882,6607.0,0,784,1912-06,train
3,S,missing,SOTONOQ,Mr,7.05,0.0,0.0,25.0,3101312.0,0,785,1912-05,train
3,S,missing,missing,Mr,7.25,0.0,0.0,25.0,374887.0,0,786,1912-06,train
3,S,missing,missing,Miss,7.4958,0.0,0.0,18.0,3101265.0,1,787,1912-06,train
3,Q,missing,missing,Master,29.125,4.0,1.0,8.0,382652.0,0,788,1912-06,train
3,S,missing,CA,Master,20.575,1.0,2.0,1.0,2315.0,1,789,1912-07,test
1,C,B,PC,Mr,79.2,0.0,0.0,46.0,17593.0,0,790,1912-06,train
3,Q,missing,missing,Mr,7.75,0.0,0.0,29.69911764705882,12460.0,0,791,1912-07,test
2,S,missing,missing,Mr,26.0,0.0,0.0,16.0,239865.0,0,792,1912-06,train
3,S,missing,CA,Miss,69.55,8.0,2.0,29.69911764705882,2343.0,0,793,1912-05,train
1,C,missing,PC,Mr,30.6958,0.0,0.0,29.69911764705882,17600.0,0,794,1912-04,train
3,S,missing,missing,Mr,7.8958,0.0,0.0,25.0,349203.0,0,795,1912-05,train
2,S,missing,missing,Mr,13.0,0.0,0.0,39.0,28213.0,0,796,1912-06,train
1,S,D,missing,Dr,25.9292,0.0,0.0,49.0,17465.0,1,797,1912-05,train
3,S,missing,missing,Mrs,8.6833,0.0,0.0,31.0,349244.0,1,798,1912-05,train
3,C,missing,missing,Mr,7.2292,0.0,0.0,30.0,2685.0,0,799,1912-04,train
3,S,missing,missing,Mrs,24.15,1.0,1.0,30.0,345773.0,0,800,1912-05,train
2,S,missing,missing,Mr,13.0,0.0,0.0,34.0,250647.0,0,801,1912-07,test
2,S,missing,CA,Mrs,26.25,1.0,1.0,31.0,31921.0,1,802,1912-04,train
1,S,B,missing,Master,120.0,1.0,2.0,11.0,113760.0,1,803,1912-04,train
3,C,missing,missing,Master,8.5167,0.0,1.0,0.42,2625.0,1,804,1912-06,train
3,S,missing,missing,Mr,6.975,0.0,0.0,27.0,347089.0,1,805,1912-04,train
3,S,missing,missing,Mr,7.775,0.0,0.0,31.0,347063.0,0,806,1912-05,train
1,S,A,missing,Mr,0.0,0.0,0.0,39.0,112050.0,0,807,1912-06,train
3,S,missing,missing,Miss,7.775,0.0,0.0,18.0,347087.0,0,808,1912-04,train
2,S,missing,missing,Mr,13.0,0.0,0.0,39.0,248723.0,0,809,1912-04,train
1,S,E,missing,Mrs,53.1,1.0,0.0,33.0,113806.0,1,810,1912-04,train
3,S,missing,missing,Mr,7.8875,0.0,0.0,26.0,3474.0,0,811,1912-05,train
3,S,missing,A,Mr,24.15,0.0,0.0,39.0,448871.0,0,812,1912-05,train
2,S,missing,missing,Mr,10.5,0.0,0.0,35.0,28206.0,0,813,1912-07,test
3,S,missing,missing,Miss,31.275,4.0,2.0,6.0,347082.0,0,814,1912-04,train
3,S,missing,missing,Mr,8.05,0.0,0.0,30.5,364499.0,0,815,1912-06,train
1,S,B,missing,Mr,0.0,0.0,0.0,29.69911764705882,112058.0,0,816,1912-07,test
3,S,missing,STONO,Miss,7.925,0.0,0.0,23.0,23101290.0,0,817,1912-06,train
2,C,missing,SCPARIS,Mr,37.0042,1.0,1.0,31.0,2079.0,0,818,1912-05,train
3,S,missing,CA,Mr,6.45,0.0,0.0,43.0,7075.0,0,819,1912-05,train
3,S,missing,missing,Master,27.9,3.0,2.0,10.0,347088.0,0,820,1912-07,test
1,S,B,missing,Mrs,93.5,1.0,1.0,52.0,12749.0,1,821,1912-05,train
3,S,missing,missing,Mr,8.6625,0.0,0.0,27.0,315098.0,1,822,1912-07,test
1,S,missing,missing,LOW,0.0,0.0,0.0,38.0,19972.0,0,823,1912-07,test
3,S,E,missing,Mrs,12.475,0.0,1.0,27.0,392096.0,1,824,1912-06,train
3,S,missing,missing,Master,39.6875,4.0,1.0,2.0,3101295.0,0,825,1912-05,train
3,Q,missing,missing,Mr,6.95,0.0,0.0,29.69911764705882,368323.0,0,826,1912-07,test
3,S,missing,missing,Mr,56.4958,0.0,0.0,29.69911764705882,1601.0,0,827,1912-04,train
2,C,missing,SCPARIS,Master,37.0042,0.0,2.0,1.0,2079.0,1,828,1912-06,train
3,Q,missing,missing,Mr,7.75,0.0,0.0,29.69911764705882,367228.0,1,829,1912-07,test
1,Missing,B,missing,Mrs,80.0,0.0,0.0,62.0,113572.0,1,830,1912-05,train
3,C,missing,missing,Mrs,14.4542,1.0,0.0,15.0,2659.0,1,831,1912-04,train
2,S,missing,missing,Master,18.75,1.0,1.0,0.83,29106.0,1,832,1912-07,test
3,C,missing,missing,Mr,7.2292,0.0,0.0,29.69911764705882,2671.0,0,833,1912-07,test
3,S,missing,missing,Mr,7.8542,0.0,0.0,23.0,347468.0,0,834,1912-04,train
3,S,missing,missing,Mr,8.3,0.0,0.0,18.0,2223.0,0,835,1912-07,test
1,C,E,PC,Miss,83.1583,1.0,1.0,39.0,17756.0,1,836,1912-07,test
3,S,missing,missing,Mr,8.6625,0.0,0.0,21.0,315097.0,0,837,1912-04,train
3,S,missing,missing,Mr,8.05,0.0,0.0,29.69911764705882,392092.0,0,838,1912-06,train
3,S,missing,missing,Mr,56.4958,0.0,0.0,32.0,1601.0,1,839,1912-07,test
1,C,C,missing,Mr,29.7,0.0,0.0,29.69911764705882,11774.0,1,840,1912-04,train
3,S,missing,LOW,Mr,7.925,0.0,0.0,20.0,23101287.0,0,841,1912-05,train
2,S,missing,LOW,Mr,10.5,0.0,0.0,16.0,3.0,0,842,1912-06,train
1,C,missing,missing,Miss,31.0,0.0,0.0,30.0,113798.0,1,843,1912-04,train
3,C,missing,missing,Mr,6.4375,0.0,0.0,34.5,2683.0,0,844,1912-04,train
3,S,missing,missing,Mr,8.6625,0.0,0.0,17.0,315090.0,0,845,1912-06,train
3,S,missing,CA,Mr,7.55,0.0,0.0,42.0,5547.0,0,846,1912-06,train
3,S,missing,CA,Mr,69.55,8.0,2.0,29.69911764705882,2343.0,0,847,1912-06,train
3,C,missing,missing,Mr,7.8958,0.0,0.0,35.0,349213.0,0,848,1912-07,test
2,S,missing,missing,LOW,33.0,0.0,1.0,28.0,248727.0,0,849,1912-07,test
1,C,C,missing,Mrs,89.1042,1.0,0.0,29.69911764705882,17453.0,1,850,1912-06,train
3,S,missing,missing,Master,31.275,4.0,2.0,4.0,347082.0,0,851,1912-07,test
3,S,missing,missing,Mr,7.775,0.0,0.0,74.0,347060.0,0,852,1912-06,train
3,C,missing,missing,Miss,15.2458,1.0,1.0,9.0,2678.0,0,853,1912-05,train
1,S,D,PC,Miss,39.4,0.0,1.0,16.0,17592.0,1,854,1912-07,test
2,S,missing,missing,Mrs,26.0,1.0,0.0,44.0,244252.0,0,855,1912-05,train
3,S,missing,missing,Mrs,9.35,0.0,1.0,18.0,392091.0,1,856,1912-05,train
1,S,missing,missing,Mrs,164.8667,1.0,1.0,45.0,36928.0,1,857,1912-06,train
1,S,E,missing,Mr,26.55,0.0,0.0,51.0,113055.0,1,858,1912-04,train
3,C,missing,missing,Mrs,19.2583,0.0,3.0,24.0,2666.0,1,859,1912-07,test
3,C,missing,missing,Mr,7.2292,0.0,0.0,29.69911764705882,2629.0,0,860,1912-04,train
3,S,missing,missing,Mr,14.1083,2.0,0.0,41.0,350026.0,0,861,1912-06,train
2,S,missing,missing,Mr,11.5,1.0,0.0,21.0,28134.0,0,862,1912-07,test
1,S,D,missing,Mrs,25.9292,0.0,0.0,48.0,17466.0,1,863,1912-07,test
3,S,missing,CA,Miss,69.55,8.0,2.0,29.69911764705882,2343.0,0,864,1912-06,train
2,S,missing,missing,Mr,13.0,0.0,0.0,24.0,233866.0,0,865,1912-04,train
2,S,missing,missing,Mrs,13.0,0.0,0.0,42.0,236852.0,1,866,1912-04,train
2,C,missing,SCPARIS,Miss,13.8583,1.0,0.0,27.0,2149.0,1,867,1912-04,train
1,S,A,PC,Mr,50.4958,0.0,0.0,31.0,17590.0,0,868,1912-04,train
3,S,missing,missing,Mr,9.5,0.0,0.0,29.69911764705882,345777.0,0,869,1912-07,test
3,S,missing,missing,Master,11.1333,1.0,1.0,4.0,347742.0,1,870,1912-06,train
3,S,missing,missing,Mr,7.8958,0.0,0.0,26.0,349248.0,0,871,1912-07,test
1,S,D,missing,Mrs,52.5542,1.0,1.0,47.0,11751.0,1,872,1912-06,train
1,S,B,missing,Mr,5.0,0.0,0.0,33.0,695.0,0,873,1912-06,train
3,S,missing,missing,Mr,9.0,0.0,0.0,47.0,345765.0,0,874,1912-07,test
2,C,missing,PPP,Mrs,24.0,1.0,0.0,28.0,3381.0,1,875,1912-06,train
3,C,missing,missing,Miss,7.225,0.0,0.0,15.0,2667.0,1,876,1912-07,test
3,S,missing,missing,Mr,9.8458,0.0,0.0,20.0,7534.0,0,877,1912-07,test
3,S,missing,missing,Mr,7.8958,0.0,0.0,19.0,349212.0,0,878,1912-04,train
3,S,missing,missing,Mr,7.8958,0.0,0.0,29.69911764705882,349217.0,0,879,1912-07,test
1,C,C,missing,Mrs,83.1583,0.0,1.0,56.0,11767.0,1,880,1912-06,train
2,S,missing,missing,Mrs,26.0,0.0,1.0,25.0,230433.0,1,881,1912-05,train
3,S,missing,missing,Mr,7.8958,0.0,0.0,33.0,349257.0,0,882,1912-07,test
3,S,missing,missing,Miss,10.5167,0.0,0.0,22.0,7552.0,0,883,1912-05,train
2,S,missing,LOW,Mr,10.5,0.0,0.0,28.0,34068.0,0,884,1912-04,train
3,S,missing,SOTONOQ,Mr,7.05,0.0,0.0,25.0,392076.0,0,885,1912-05,train
3,Q,missing,missing,Mrs,29.125,0.0,5.0,39.0,382652.0,0,886,1912-06,train
2,S,missing,missing,LOW,13.0,0.0,0.0,27.0,211536.0,0,887,1912-06,train
1,S,B,missing,Miss,30.0,0.0,0.0,19.0,112053.0,1,888,1912-05,train
3,S,missing,WC,Miss,23.45,1.0,2.0,29.69911764705882,6607.0,0,889,1912-06,train
1,C,C,missing,Mr,30.0,0.0,0.0,26.0,111369.0,1,890,1912-07,test
3,Q,missing,missing,Mr,7.75,0.0,0.0,32.0,370376.0,0,891,1912-06,train
