cluster,Pclass,Embarked,cabine_prefix,Ticket_str,NameTitle,Fare,SibSp,Parch,Age_Mean,Ticket_int,dataset
8,3,S,missing,A,Mr,7.25,1.0,0.0,22.0,521171.0,train
9,1,C,C,PC,Mrs,71.2833,1.0,0.0,38.0,17599.0,train
1,3,S,missing,STONO,Miss,7.925,0.0,0.0,26.0,23101282.0,train
7,1,S,C,missing,Mrs,53.1,1.0,0.0,35.0,113803.0,train
5,3,S,missing,missing,Mr,8.05,0.0,0.0,35.0,373450.0,test
4,3,Q,missing,missing,Mr,8.4583,0.0,0.0,29.69911764705882,330877.0,test
9,1,S,E,missing,Mr,51.8625,0.0,0.0,54.0,17463.0,test
4,3,S,missing,missing,Master,21.075,3.0,1.0,2.0,349909.0,test
4,3,S,missing,missing,Mrs,11.1333,0.0,2.0,27.0,347742.0,train
3,2,C,missing,missing,Mrs,30.0708,1.0,0.0,14.0,237736.0,train
0,3,S,G,PPP,Miss,16.7,1.0,1.0,4.0,9549.0,test
7,1,S,C,missing,Miss,26.55,0.0,0.0,58.0,113783.0,train
9,3,S,missing,A,Mr,8.05,0.0,0.0,20.0,52151.0,test
4,3,S,missing,missing,Mr,31.275,1.0,5.0,39.0,347082.0,test
4,3,S,missing,missing,Miss,7.8542,0.0,0.0,14.0,350406.0,train
3,2,S,missing,missing,Mrs,16.0,0.0,0.0,55.0,248706.0,test
5,3,Q,missing,missing,Master,29.125,4.0,1.0,2.0,382652.0,train
3,2,S,missing,missing,Mr,13.0,0.0,0.0,29.69911764705882,244373.0,train
4,3,S,missing,missing,Mrs,18.0,1.0,0.0,31.0,345763.0,train
0,3,C,missing,missing,Mrs,7.225,0.0,0.0,29.69911764705882,2649.0,train
3,2,S,missing,missing,Mr,26.0,0.0,0.0,35.0,239865.0,train
3,2,S,D,missing,Mr,13.0,0.0,0.0,34.0,248698.0,train
4,3,Q,missing,missing,Miss,8.0292,0.0,0.0,15.0,330923.0,train
7,1,S,A,missing,Mr,35.5,0.0,0.0,28.0,113788.0,train
4,3,S,missing,missing,Miss,21.075,3.0,1.0,8.0,349909.0,test
4,3,S,missing,missing,Mrs,31.3875,1.0,5.0,38.0,347077.0,train
0,3,C,missing,missing,Mr,7.225,0.0,0.0,29.69911764705882,2631.0,test
9,1,S,C,missing,Mr,263.0,3.0,2.0,19.0,19950.0,train
4,3,Q,missing,missing,Miss,7.8792,0.0,0.0,29.69911764705882,330959.0,train
4,3,S,missing,missing,Mr,7.8958,0.0,0.0,29.69911764705882,349216.0,test
9,1,C,missing,PC,LOW,27.7208,0.0,0.0,40.0,17601.0,test
9,1,C,B,PC,Mrs,146.5208,1.0,0.0,29.69911764705882,17569.0,train
4,3,Q,missing,missing,Miss,7.75,0.0,0.0,29.69911764705882,335677.0,train
9,2,S,missing,CA,Mr,10.5,0.0,0.0,66.0,24579.0,train
9,1,C,missing,PC,Mr,82.1708,1.0,0.0,28.0,17604.0,train
7,1,S,missing,missing,Mr,52.0,1.0,0.0,42.0,113789.0,test
0,3,C,missing,missing,Mr,7.2292,0.0,0.0,29.69911764705882,2677.0,train
9,3,S,missing,A,Mr,8.05,0.0,0.0,21.0,52152.0,train
4,3,S,missing,missing,Miss,18.0,2.0,0.0,18.0,345764.0,test
0,3,C,missing,missing,Miss,11.2417,1.0,0.0,14.0,2651.0,train
0,3,S,missing,missing,Mrs,9.475,1.0,0.0,40.0,7546.0,train
0,2,S,missing,missing,Mrs,21.0,1.0,0.0,27.0,11668.0,train
4,3,C,missing,missing,Mr,7.8958,0.0,0.0,29.69911764705882,349253.0,train
0,2,C,missing,SCParis,Miss,41.5792,1.0,2.0,3.0,2123.0,train
4,3,Q,missing,missing,Miss,7.8792,0.0,0.0,19.0,330958.0,test
6,3,S,missing,LOW,Mr,8.05,0.0,0.0,29.69911764705882,423567.0,train
5,3,Q,missing,missing,Mr,15.5,1.0,0.0,29.69911764705882,370371.0,train
0,3,Q,missing,missing,Miss,7.75,0.0,0.0,29.69911764705882,14311.0,train
0,3,C,missing,missing,Mr,21.6792,2.0,0.0,29.69911764705882,2662.0,test
4,3,S,missing,missing,Mrs,17.8,1.0,0.0,18.0,349237.0,test
2,3,S,missing,missing,Master,39.6875,4.0,1.0,7.0,3101295.0,train
6,3,S,missing,A,Mr,7.8,0.0,0.0,21.0,439886.0,test
9,1,C,D,PC,Mrs,76.7292,1.0,0.0,49.0,17572.0,train
0,2,S,missing,missing,Mrs,26.0,1.0,0.0,29.0,2926.0,test
7,1,C,B,missing,Mr,61.9792,0.0,1.0,65.0,113509.0,test
9,1,S,C,missing,Mr,35.5,0.0,0.0,29.69911764705882,19947.0,train
9,2,S,missing,CA,Miss,10.5,0.0,0.0,21.0,31026.0,train
0,3,C,missing,missing,Mr,7.2292,0.0,0.0,28.5,2697.0,train
9,2,S,missing,CA,Miss,27.75,1.0,2.0,5.0,34651.0,train
0,3,S,missing,CA,Master,46.9,5.0,2.0,11.0,2144.0,test
0,3,C,missing,missing,Mr,7.2292,0.0,0.0,22.0,2669.0,train
7,1,Missing,B,missing,Miss,80.0,0.0,0.0,38.0,113572.0,train
9,1,S,C,missing,Mr,83.475,1.0,0.0,45.0,36973.0,test
4,3,S,missing,missing,Master,27.9,3.0,2.0,4.0,347088.0,train
9,1,C,missing,PC,Mr,27.7208,0.0,0.0,29.69911764705882,17605.0,test
0,3,C,missing,missing,Master,15.2458,1.0,1.0,29.69911764705882,2661.0,train
9,2,S,F,CA,Mrs,10.5,0.0,0.0,29.0,29395.0,test
0,3,S,missing,LOW,Mr,8.1583,0.0,0.0,19.0,3464.0,train
2,3,S,missing,missing,Miss,7.925,4.0,2.0,17.0,3101281.0,train
4,3,S,missing,missing,Mr,8.6625,2.0,0.0,26.0,315151.0,test
9,2,S,missing,CA,Mr,10.5,0.0,0.0,32.0,33111.0,train
0,3,S,missing,CA,Miss,46.9,5.0,2.0,16.0,2144.0,train
0,2,S,missing,SOC,Mr,73.5,0.0,0.0,21.0,14879.0,train
0,3,C,missing,missing,Mr,14.4542,1.0,0.0,26.0,2680.0,train
0,3,S,missing,missing,Mr,56.4958,0.0,0.0,32.0,1601.0,train
4,3,S,F,missing,Mr,7.65,0.0,0.0,25.0,348123.0,train
4,3,S,missing,missing,Mr,7.8958,0.0,0.0,29.69911764705882,349208.0,test
5,3,S,missing,missing,Mr,8.05,0.0,0.0,29.69911764705882,374746.0,train
3,2,S,missing,missing,Master,29.0,0.0,2.0,0.83,248738.0,train
5,3,S,missing,missing,Miss,12.475,0.0,0.0,30.0,364516.0,test
4,3,S,missing,missing,Mr,9.0,0.0,0.0,22.0,345767.0,train
4,3,S,missing,missing,Mr,9.5,0.0,0.0,29.0,345779.0,train
4,3,Q,missing,missing,Miss,7.7875,0.0,0.0,29.69911764705882,330932.0,test
7,1,S,missing,missing,Mr,47.1,0.0,0.0,28.0,113059.0,train
0,2,S,missing,SOC,Miss,10.5,0.0,0.0,17.0,14885.0,train
2,3,S,missing,missing,Mrs,15.85,3.0,0.0,33.0,3101278.0,test
0,3,S,missing,WC,Mr,34.375,1.0,3.0,16.0,6608.0,train
5,3,S,missing,SOTONOQ,Mr,8.05,0.0,0.0,29.69911764705882,392086.0,test
9,1,S,C,missing,Miss,263.0,3.0,2.0,23.0,19950.0,train
4,3,S,missing,missing,Mr,8.05,0.0,0.0,24.0,343275.0,train
4,3,S,missing,missing,Mr,8.05,0.0,0.0,29.0,343276.0,test
4,3,S,missing,missing,Mr,7.8542,0.0,0.0,20.0,347466.0,test
0,1,S,E,WEP,Mr,61.175,1.0,0.0,46.0,5734.0,train
0,3,S,missing,CA,Mr,20.575,1.0,2.0,26.0,2315.0,test
5,3,S,missing,missing,Mr,7.25,0.0,0.0,59.0,364500.0,train
5,3,S,missing,missing,Mr,8.05,0.0,0.0,29.69911764705882,374910.0,train
9,1,C,A,PC,Mr,34.6542,0.0,0.0,71.0,17754.0,train
9,1,C,D,PC,Mr,63.3583,0.0,1.0,23.0,17759.0,test
3,2,S,missing,missing,Mrs,23.0,0.0,1.0,34.0,231919.0,train
3,2,S,missing,missing,Mr,26.0,1.0,0.0,34.0,244367.0,train
4,3,S,missing,missing,Miss,7.8958,0.0,0.0,28.0,349245.0,train
4,3,S,missing,missing,Mr,7.8958,0.0,0.0,29.69911764705882,349215.0,train
9,1,S,D,missing,Mr,77.2875,0.0,1.0,21.0,35281.0,train
0,3,S,missing,missing,Mr,8.6542,0.0,0.0,33.0,7540.0,train
2,3,S,missing,missing,Mr,7.925,2.0,0.0,37.0,3101276.0,train
4,3,S,missing,missing,Mr,7.8958,0.0,0.0,28.0,349207.0,train
4,3,S,missing,missing,Miss,7.65,0.0,0.0,21.0,343120.0,train
4,3,S,missing,missing,Mr,7.775,0.0,0.0,29.69911764705882,312991.0,train
4,3,S,missing,missing,Mr,7.8958,0.0,0.0,38.0,349249.0,test
5,3,Q,missing,missing,Miss,24.15,1.0,0.0,29.69911764705882,371110.0,train
7,1,S,C,missing,Mr,52.0,0.0,0.0,47.0,110465.0,train
0,3,C,missing,missing,Miss,14.4542,1.0,0.0,14.5,2665.0,train
4,3,S,missing,missing,Mr,8.05,0.0,0.0,22.0,324669.0,train
0,3,S,missing,missing,Miss,9.825,1.0,0.0,20.0,4136.0,train
0,3,C,missing,missing,Miss,14.4583,0.0,0.0,17.0,2627.0,train
1,3,S,missing,STONO,Mr,7.925,0.0,0.0,21.0,23101294.0,train
5,3,Q,missing,missing,Mr,7.75,0.0,0.0,70.5,370369.0,train
0,2,S,missing,missing,Mr,21.0,1.0,0.0,29.0,11668.0,train
9,1,C,B,PC,Mr,247.5208,0.0,1.0,24.0,17558.0,train
4,3,S,missing,missing,Miss,31.275,4.0,2.0,2.0,347082.0,train
0,2,S,missing,SOC,Mr,73.5,2.0,0.0,21.0,14879.0,train
6,3,S,missing,A,Mr,8.05,0.0,0.0,29.69911764705882,454510.0,train
3,2,C,missing,missing,Mr,30.0708,1.0,0.0,32.5,237736.0,train
9,2,S,E,missing,Miss,13.0,0.0,0.0,32.5,27267.0,train
9,1,S,D,missing,Mr,77.2875,0.0,1.0,54.0,35281.0,test
0,3,C,missing,missing,Master,11.2417,1.0,0.0,12.0,2651.0,train
5,3,Q,missing,missing,Mr,7.75,0.0,0.0,29.69911764705882,370372.0,test
9,3,S,missing,CA,Mr,7.1417,0.0,0.0,24.0,17369.0,test
0,3,C,F,missing,Miss,22.3583,1.0,1.0,29.69911764705882,2668.0,train
4,3,S,missing,missing,Mr,6.975,0.0,0.0,45.0,347061.0,train
4,3,C,missing,missing,Mr,7.8958,0.0,0.0,33.0,349241.0,train
2,3,S,missing,SOTONOQ,Mr,7.05,0.0,0.0,20.0,3101307.0,test
9,3,S,missing,A,Mrs,14.5,1.0,0.0,47.0,53337.0,train
3,2,S,missing,missing,Mrs,26.0,1.0,0.0,29.0,228414.0,test
9,2,S,missing,CA,Mr,13.0,0.0,0.0,25.0,29178.0,train
0,2,C,missing,SCPARIS,Mr,15.0458,0.0,0.0,23.0,2133.0,train
0,1,S,D,missing,Miss,26.2833,0.0,2.0,19.0,11752.0,train
7,1,S,C,missing,Mr,53.1,1.0,0.0,37.0,113803.0,train
0,3,S,missing,missing,Mr,9.2167,0.0,0.0,16.0,7534.0,train
9,1,C,B,PC,Mr,79.2,0.0,0.0,24.0,17593.0,test
0,3,C,missing,missing,Mrs,15.2458,0.0,2.0,29.69911764705882,2678.0,train
4,3,S,missing,missing,Miss,7.75,0.0,0.0,22.0,347081.0,train
1,3,S,missing,STONO,Mrs,15.85,1.0,0.0,24.0,23101279.0,train
5,3,Q,missing,missing,Mr,6.75,0.0,0.0,19.0,365222.0,test
3,2,S,missing,missing,Mr,11.5,0.0,0.0,18.0,231945.0,train
9,2,S,missing,CA,Mr,36.75,1.0,1.0,19.0,33112.0,train
4,3,S,missing,missing,Mr,7.7958,0.0,0.0,27.0,350043.0,train
0,3,S,missing,WC,Miss,34.375,2.0,2.0,9.0,6608.0,test
3,2,S,F,missing,Mr,26.0,0.0,2.0,36.5,230080.0,test
3,2,S,missing,missing,LOW,13.0,0.0,0.0,42.0,244310.0,train
0,2,S,missing,LOW,LOW,12.525,0.0,0.0,51.0,1166.0,test
7,1,S,C,missing,Mrs,66.6,1.0,0.0,22.0,113776.0,train
8,3,S,missing,A,Mr,8.05,0.0,0.0,55.5,511206.0,train
0,3,S,missing,A,Mr,14.5,0.0,2.0,40.5,5851.0,test
3,3,S,missing,LOW,Mr,7.3125,0.0,0.0,29.69911764705882,265302.0,train
9,1,C,missing,PC,Mr,61.3792,0.0,1.0,51.0,17597.0,test
9,3,Q,missing,missing,Miss,7.7333,0.0,0.0,16.0,35851.0,train
5,3,S,missing,SOTONOQ,Mr,8.05,0.0,0.0,30.0,392090.0,train
4,3,S,missing,missing,Mr,8.6625,0.0,0.0,29.69911764705882,315037.0,train
0,3,S,missing,CA,Master,69.55,8.0,2.0,29.69911764705882,2343.0,train
5,3,S,missing,missing,Mr,16.1,0.0,1.0,44.0,371362.0,train
9,2,S,missing,CA,Mrs,15.75,0.0,0.0,40.0,33595.0,train
4,3,S,missing,missing,Mr,7.775,0.0,0.0,26.0,347068.0,train
4,3,S,missing,missing,Mr,8.6625,0.0,0.0,17.0,315093.0,train
2,3,S,missing,missing,Master,39.6875,4.0,1.0,1.0,3101295.0,train
5,3,S,missing,missing,Master,20.525,0.0,2.0,9.0,363291.0,train
7,1,S,E,missing,Mrs,55.0,0.0,1.0,29.69911764705882,113505.0,train
4,3,S,missing,missing,Mrs,27.9,1.0,4.0,45.0,347088.0,test
9,1,S,missing,PC,Mr,25.925,0.0,0.0,29.69911764705882,17318.0,train
0,3,S,missing,missing,Mr,56.4958,0.0,0.0,28.0,1601.0,train
7,1,S,B,missing,Mr,33.5,0.0,0.0,61.0,111240.0,train
5,3,Q,missing,missing,Master,29.125,4.0,1.0,4.0,382652.0,train
4,3,S,missing,missing,Miss,11.1333,1.0,1.0,1.0,347742.0,train
1,3,S,missing,STONO,Mr,7.925,0.0,0.0,21.0,23101280.0,test
9,1,C,A,missing,Mr,30.6958,0.0,0.0,56.0,17764.0,train
4,3,S,missing,missing,Mr,7.8542,1.0,1.0,18.0,350404.0,train
0,3,S,missing,missing,Master,25.4667,3.0,1.0,29.69911764705882,4133.0,test
9,1,C,C,PC,Miss,28.7125,0.0,0.0,50.0,17595.0,train
3,2,S,missing,missing,Mr,13.0,0.0,0.0,30.0,250653.0,train
0,3,S,missing,LINE,Mr,0.0,0.0,0.0,36.0,0.0,train
0,3,S,missing,CA,Miss,69.55,8.0,2.0,29.69911764705882,2343.0,train
0,2,C,missing,SCPARIS,Mr,15.05,0.0,0.0,29.69911764705882,2131.0,test
4,3,S,missing,missing,Master,31.3875,4.0,2.0,9.0,347077.0,train
3,2,S,F,missing,Master,39.0,2.0,1.0,1.0,230136.0,test
4,3,S,missing,missing,Miss,22.025,0.0,2.0,4.0,315153.0,train
7,1,S,A,missing,Mr,50.0,0.0,0.0,29.69911764705882,113767.0,test
5,3,Q,missing,missing,Mrs,15.5,1.0,0.0,29.69911764705882,370365.0,train
7,1,S,missing,missing,Mr,26.55,0.0,0.0,45.0,111428.0,test
5,3,Q,missing,missing,Mr,15.5,1.0,1.0,40.0,364849.0,train
4,3,S,missing,missing,Mr,7.8958,0.0,0.0,36.0,349247.0,train
3,2,S,missing,missing,Mrs,13.0,0.0,0.0,32.0,234604.0,test
9,2,S,missing,missing,Mr,13.0,0.0,0.0,19.0,28424.0,train
4,3,S,missing,missing,Miss,7.8542,1.0,0.0,19.0,350046.0,train
3,2,S,F,missing,Master,26.0,1.0,1.0,3.0,230080.0,train
9,1,C,B,PC,Mrs,27.7208,0.0,0.0,44.0,17610.0,train
9,1,C,B,PC,Miss,146.5208,0.0,0.0,58.0,17569.0,train
5,3,Q,missing,missing,Mr,7.75,0.0,0.0,29.69911764705882,368703.0,train
0,3,S,missing,missing,Mr,8.4042,0.0,1.0,42.0,4579.0,train
5,3,Q,missing,missing,Miss,7.75,0.0,0.0,29.69911764705882,370370.0,test
3,2,S,missing,missing,Miss,13.0,0.0,0.0,24.0,248747.0,train
4,3,S,missing,missing,Mr,9.5,0.0,0.0,28.0,345770.0,train
0,3,S,missing,CA,Mr,69.55,8.0,2.0,29.69911764705882,2343.0,train
2,3,S,missing,missing,Mr,6.4958,0.0,0.0,34.0,3101264.0,test
0,3,C,missing,missing,Mr,7.225,0.0,0.0,45.5,2628.0,train
9,3,S,missing,A,Mr,8.05,0.0,0.0,18.0,53540.0,test
4,3,S,G,missing,Miss,10.4625,0.0,1.0,2.0,347054.0,train
2,3,S,missing,missing,Mr,15.85,1.0,0.0,32.0,3101278.0,train
0,3,C,missing,missing,Mr,18.7875,0.0,0.0,26.0,2699.0,train
5,3,Q,missing,missing,Miss,7.75,0.0,0.0,16.0,367231.0,train
7,1,C,A,missing,Mr,31.0,0.0,0.0,40.0,112277.0,train
2,3,S,missing,SOTONOQ,Mr,7.05,0.0,0.0,24.0,3101311.0,train
0,2,S,missing,FCC,Miss,21.0,0.0,0.0,35.0,13528.0,train
8,3,S,missing,A,Mr,7.25,0.0,0.0,22.0,521174.0,train
3,2,S,missing,missing,Mr,13.0,0.0,0.0,30.0,250646.0,train
5,3,Q,missing,missing,Mr,7.75,1.0,0.0,29.69911764705882,367229.0,train
9,1,C,D,missing,Miss,113.275,1.0,0.0,31.0,35273.0,train
1,3,S,missing,STONO,Miss,7.925,0.0,0.0,27.0,23101283.0,train
3,2,S,missing,missing,Mr,27.0,1.0,0.0,42.0,243847.0,train
0,1,C,D,missing,Miss,76.2917,0.0,0.0,32.0,11813.0,train
0,2,S,missing,WC,Mr,10.5,0.0,0.0,30.0,14208.0,train
5,3,S,missing,SOTONOQ,Mr,8.05,0.0,0.0,16.0,392089.0,train
3,2,S,missing,missing,Mr,13.0,0.0,0.0,27.0,220367.0,train
9,3,S,missing,missing,Mr,8.05,0.0,0.0,51.0,21440.0,test
4,3,S,missing,missing,Mr,7.8958,0.0,0.0,29.69911764705882,349234.0,train
9,1,S,C,missing,Mr,90.0,1.0,0.0,38.0,19943.0,train
0,3,S,missing,PPP,Mr,9.35,0.0,0.0,22.0,4348.0,train
0,2,S,missing,SWPP,Mr,10.5,0.0,0.0,19.0,751.0,train
8,3,S,missing,A,Mr,7.25,0.0,0.0,20.5,521173.0,test
3,2,S,missing,missing,Mr,13.0,0.0,0.0,18.0,236171.0,train
0,3,S,missing,missing,Miss,25.4667,3.0,1.0,29.69911764705882,4133.0,test
9,1,S,C,missing,Mrs,83.475,1.0,0.0,35.0,36973.0,train
4,3,S,missing,missing,Mr,7.775,0.0,0.0,29.0,347067.0,train
3,2,S,missing,missing,Mr,13.5,0.0,0.0,59.0,237442.0,train
4,3,S,missing,missing,Miss,31.3875,4.0,2.0,5.0,347077.0,train
9,2,S,missing,CA,Mr,10.5,0.0,0.0,24.0,29566.0,test
0,3,S,missing,WC,Miss,7.55,0.0,0.0,29.69911764705882,6609.0,train
9,2,S,missing,missing,Mr,26.0,1.0,0.0,44.0,26707.0,train
9,2,S,missing,CA,Miss,26.25,0.0,2.0,8.0,31921.0,train
9,2,S,missing,missing,Mr,10.5,0.0,0.0,19.0,28665.0,train
0,2,S,missing,LOW,Mr,12.275,0.0,0.0,33.0,1585.0,train
0,3,C,missing,missing,Miss,14.4542,1.0,0.0,29.69911764705882,2665.0,train
5,3,Q,missing,missing,Miss,15.5,1.0,0.0,29.69911764705882,367230.0,train
0,2,S,missing,WC,Mr,10.5,0.0,0.0,29.0,14263.0,test
1,3,S,missing,STONO,Mr,7.125,0.0,0.0,22.0,23101275.0,train
0,3,C,missing,missing,Mr,7.225,0.0,0.0,30.0,2694.0,train
9,1,Q,C,missing,Dr,90.0,2.0,0.0,44.0,19928.0,train
4,3,S,missing,missing,Miss,7.775,0.0,0.0,25.0,347071.0,train
3,2,S,missing,missing,Mrs,14.5,0.0,2.0,24.0,250649.0,train
0,1,S,D,missing,Mr,52.5542,1.0,1.0,37.0,11751.0,train
3,2,S,missing,missing,LOW,26.0,1.0,0.0,54.0,244252.0,train
5,3,S,missing,missing,Mr,7.25,0.0,0.0,29.69911764705882,362316.0,test
4,3,S,G,missing,Mrs,10.4625,1.0,1.0,29.0,347054.0,train
7,1,S,C,missing,Mr,26.55,0.0,0.0,62.0,113514.0,train
9,3,S,missing,A,Mr,16.1,1.0,0.0,30.0,53336.0,train
5,3,S,missing,missing,Mrs,20.2125,0.0,2.0,41.0,370129.0,train
0,3,C,missing,missing,Mrs,15.2458,0.0,2.0,29.0,2650.0,test
9,1,C,missing,PC,Mrs,79.2,0.0,0.0,29.69911764705882,17585.0,train
7,1,S,B,missing,Miss,86.5,0.0,0.0,30.0,110152.0,train
9,1,C,missing,PC,Miss,512.3292,0.0,0.0,35.0,17755.0,test
3,2,S,missing,missing,Mrs,26.0,0.0,1.0,50.0,230433.0,train
5,3,Q,missing,missing,Mr,7.75,0.0,0.0,29.69911764705882,384461.0,train
4,3,S,missing,missing,Master,31.3875,4.0,2.0,3.0,347077.0,train
7,1,S,E,missing,Mr,79.65,1.0,1.0,52.0,110413.0,train
7,1,S,B,missing,Mr,0.0,0.0,0.0,40.0,112059.0,test
5,3,Q,missing,missing,Miss,7.75,0.0,0.0,29.69911764705882,382649.0,test
9,2,S,missing,CA,Mr,10.5,0.0,0.0,36.0,17248.0,train
2,3,S,missing,missing,Mr,39.6875,4.0,1.0,16.0,3101295.0,train
4,3,S,missing,missing,Mr,7.775,1.0,0.0,25.0,347083.0,test
9,1,S,C,PC,Mrs,153.4625,0.0,1.0,58.0,17582.0,train
9,1,S,C,PC,Miss,135.6333,0.0,0.0,35.0,17760.0,train
7,1,S,missing,missing,Mr,31.0,0.0,0.0,29.69911764705882,113798.0,train
0,3,S,missing,LINE,Mr,0.0,0.0,0.0,25.0,0.0,train
3,2,S,missing,missing,Mrs,19.5,0.0,1.0,41.0,250644.0,train
9,1,C,C,PC,Mr,29.7,0.0,1.0,37.0,17596.0,train
5,3,Q,missing,missing,Miss,7.75,0.0,0.0,29.69911764705882,370375.0,train
0,1,S,D,missing,Miss,77.9583,1.0,0.0,63.0,13502.0,train
4,3,S,missing,missing,Miss,7.75,0.0,0.0,45.0,347073.0,train
3,2,S,missing,missing,Mr,0.0,0.0,0.0,29.69911764705882,239853.0,test
5,3,Q,missing,missing,Master,29.125,4.0,1.0,7.0,382652.0,test
0,3,S,missing,CA,Mrs,20.25,1.0,1.0,35.0,2673.0,train
4,3,Q,missing,missing,Mr,7.75,0.0,0.0,65.0,336439.0,test
4,3,S,missing,missing,Mr,7.8542,0.0,0.0,28.0,347464.0,train
4,3,S,missing,missing,Mr,9.5,0.0,0.0,16.0,345778.0,train
8,3,S,missing,A,Mr,8.05,0.0,0.0,19.0,510482.0,train
7,1,S,A,missing,Mr,26.0,0.0,0.0,29.69911764705882,113056.0,test
4,3,C,missing,missing,Mr,8.6625,0.0,0.0,33.0,349239.0,train
4,3,S,missing,missing,Mr,9.5,0.0,0.0,30.0,345774.0,train
4,3,S,missing,missing,Mr,7.8958,0.0,0.0,22.0,349206.0,train
3,2,S,missing,missing,Mr,13.0,0.0,0.0,42.0,237798.0,test
5,3,Q,missing,missing,Miss,7.75,0.0,0.0,22.0,370373.0,train
9,1,S,missing,missing,Miss,78.85,0.0,0.0,26.0,19877.0,train
0,1,C,B,missing,Mrs,91.0792,1.0,0.0,19.0,11967.0,train
0,2,C,D,SCParis,Mr,12.875,0.0,0.0,36.0,2163.0,train
4,3,S,missing,missing,Miss,8.85,0.0,0.0,24.0,349236.0,train
4,3,S,missing,missing,Mr,7.8958,0.0,0.0,24.0,349233.0,train
9,1,C,missing,PC,Mr,27.7208,0.0,0.0,29.69911764705882,17612.0,train
0,3,C,missing,missing,Mr,7.2292,0.0,0.0,23.5,2693.0,train
7,1,S,C,missing,Miss,151.55,1.0,2.0,2.0,113781.0,train
9,1,S,C,missing,Mr,30.5,0.0,0.0,29.69911764705882,19988.0,train
9,1,C,B,PC,Mrs,247.5208,0.0,1.0,50.0,17558.0,train
0,3,Q,missing,missing,Miss,7.75,0.0,0.0,29.69911764705882,9234.0,test
5,3,Q,missing,missing,Mr,23.25,2.0,0.0,29.69911764705882,367226.0,train
0,3,S,missing,LINE,Mr,0.0,0.0,0.0,19.0,0.0,train
3,2,Q,E,missing,Miss,12.35,0.0,0.0,29.69911764705882,226593.0,train
9,3,S,missing,A,Mr,8.05,0.0,0.0,29.69911764705882,52466.0,test
7,1,S,C,missing,Master,151.55,1.0,2.0,0.92,113781.0,train
9,1,C,missing,missing,Miss,110.8833,0.0,0.0,29.69911764705882,17421.0,train
9,1,C,C,PC,Mrs,108.9,1.0,0.0,17.0,17758.0,train
0,2,C,missing,PPP,Mr,24.0,1.0,0.0,30.0,3381.0,train
9,1,C,E,PC,Miss,56.9292,0.0,0.0,30.0,17485.0,train
0,1,C,C,missing,Miss,83.1583,0.0,0.0,24.0,11767.0,train
9,1,C,B,PC,Miss,262.375,2.0,2.0,18.0,17608.0,train
3,2,S,missing,missing,Mrs,26.0,1.0,1.0,26.0,250651.0,train
4,3,S,missing,missing,Mr,7.8958,0.0,0.0,28.0,349243.0,train
0,2,S,missing,FCC,Mr,26.25,1.0,1.0,43.0,13529.0,train
4,3,S,missing,missing,Miss,7.8542,0.0,0.0,26.0,347470.0,train
3,2,S,missing,missing,Mrs,26.0,1.0,0.0,24.0,244367.0,train
9,2,S,missing,missing,Dr,14.0,0.0,0.0,54.0,29011.0,train
9,1,S,C,missing,Miss,164.8667,0.0,2.0,31.0,36928.0,train
9,1,C,E,missing,Mrs,134.5,1.0,1.0,40.0,16966.0,test
8,3,S,missing,A,Mr,7.25,0.0,0.0,22.0,521172.0,train
4,3,S,missing,missing,Mr,7.8958,0.0,0.0,27.0,349219.0,train
3,2,Q,missing,missing,Miss,12.35,0.0,0.0,30.0,234818.0,train
3,2,S,missing,missing,Mrs,29.0,1.0,1.0,22.0,248738.0,train
0,3,S,missing,CA,Mr,69.55,8.0,2.0,29.69911764705882,2343.0,train
9,1,C,C,PC,Miss,135.6333,0.0,0.0,36.0,17760.0,train
4,3,S,missing,missing,Mr,6.2375,0.0,0.0,61.0,345364.0,train
9,2,S,D,missing,Mrs,13.0,0.0,0.0,36.0,28551.0,train
5,3,S,missing,missing,Mrs,20.525,1.0,1.0,31.0,363291.0,test
7,1,C,B,missing,Miss,57.9792,0.0,1.0,16.0,111361.0,test
5,3,Q,missing,missing,Miss,23.25,2.0,0.0,29.69911764705882,367226.0,train
7,1,S,C,missing,Mr,28.5,0.0,0.0,45.5,113043.0,train
9,1,S,C,PC,Mr,153.4625,0.0,1.0,38.0,17582.0,train
4,3,S,missing,missing,Mr,18.0,2.0,0.0,16.0,345764.0,train
9,1,S,missing,PC,Mrs,133.65,1.0,0.0,29.69911764705882,17611.0,train
4,3,S,missing,missing,Mr,7.8958,0.0,0.0,29.69911764705882,349225.0,train
7,1,S,C,missing,Mr,66.6,1.0,0.0,29.0,113776.0,train
9,1,C,E,missing,Miss,134.5,0.0,0.0,41.0,16966.0,train
0,3,S,missing,missing,Mr,8.05,0.0,0.0,45.0,7598.0,train
7,1,S,T,missing,Mr,35.5,0.0,0.0,45.0,113784.0,train
3,2,S,F,missing,Master,26.0,1.0,1.0,2.0,230080.0,train
9,1,S,C,missing,Miss,263.0,3.0,2.0,24.0,19950.0,train
3,2,S,missing,missing,Mr,13.0,0.0,0.0,28.0,248740.0,train
3,2,S,missing,missing,Mr,13.0,0.0,0.0,25.0,244361.0,train
3,2,S,missing,missing,Mr,13.0,0.0,0.0,36.0,229236.0,train
3,2,S,F,missing,Miss,13.0,0.0,0.0,24.0,248733.0,train
9,2,S,missing,missing,Miss,13.0,0.0,0.0,40.0,31418.0,train
5,3,S,missing,missing,Mrs,16.1,1.0,0.0,29.69911764705882,386525.0,train
9,3,S,missing,CA,Master,15.9,1.0,1.0,3.0,37671.0,train
4,3,S,missing,missing,Mr,8.6625,0.0,0.0,42.0,315088.0,train
0,3,S,missing,missing,Mr,9.225,0.0,0.0,23.0,7267.0,test
7,1,S,C,missing,Mr,35.0,0.0,0.0,29.69911764705882,113510.0,train
0,3,C,missing,missing,Mr,7.2292,1.0,1.0,15.0,2695.0,train
4,3,S,missing,missing,Mr,17.8,1.0,0.0,25.0,349237.0,train
0,3,C,missing,missing,Mr,7.225,0.0,0.0,29.69911764705882,2647.0,train
4,3,S,missing,missing,Mr,9.5,0.0,0.0,28.0,345783.0,train
7,1,S,E,missing,Miss,55.0,0.0,1.0,22.0,113505.0,test
3,2,S,missing,missing,Miss,13.0,0.0,0.0,38.0,237671.0,test
4,3,Q,missing,missing,Miss,7.8792,0.0,0.0,29.69911764705882,330931.0,train
4,3,Q,missing,missing,Miss,7.8792,0.0,0.0,29.69911764705882,330980.0,test
4,3,S,missing,missing,Mr,27.9,1.0,4.0,40.0,347088.0,test
0,2,C,missing,SCPARIS,Mr,27.7208,1.0,0.0,29.0,2167.0,train
0,3,C,missing,missing,Mrs,14.4542,0.0,1.0,45.0,2691.0,test
2,3,S,missing,SOTONOQ,Mr,7.05,0.0,0.0,35.0,3101310.0,train
5,3,Q,missing,missing,Mr,15.5,1.0,0.0,29.69911764705882,370365.0,train
0,3,S,missing,CA,Mr,7.25,0.0,0.0,30.0,7076.0,train
7,1,C,D,missing,Mrs,75.25,1.0,0.0,60.0,110813.0,test
0,3,C,missing,missing,Mrs,7.2292,0.0,0.0,29.69911764705882,2626.0,train
0,3,Q,missing,missing,Miss,7.75,0.0,0.0,29.69911764705882,14313.0,test
9,1,C,B,PC,Miss,69.3,0.0,0.0,24.0,17477.0,train
0,1,C,E,missing,Mr,55.4417,1.0,0.0,25.0,11765.0,train
2,3,S,missing,missing,Mr,6.4958,1.0,0.0,18.0,3101267.0,train
4,3,S,missing,missing,Mr,8.05,0.0,0.0,19.0,323951.0,train
9,1,C,missing,PC,Mr,135.6333,0.0,0.0,22.0,17760.0,train
4,3,S,missing,missing,Miss,21.075,3.0,1.0,3.0,349909.0,train
9,1,C,missing,PC,Mrs,82.1708,1.0,0.0,29.69911764705882,17604.0,train
0,3,S,missing,CA,Miss,7.25,0.0,0.0,22.0,7077.0,train
7,1,C,C,missing,Mr,211.5,0.0,2.0,27.0,113503.0,test
0,3,C,missing,missing,Mr,4.0125,0.0,0.0,20.0,2648.0,test
4,3,S,missing,missing,Mr,7.775,0.0,0.0,19.0,347069.0,train
9,1,C,missing,PC,Miss,227.525,0.0,0.0,42.0,17757.0,train
0,3,C,missing,missing,Miss,15.7417,0.0,2.0,1.0,2653.0,train
1,3,S,missing,STONO,Mr,7.925,0.0,0.0,32.0,23101293.0,test
7,1,S,missing,missing,Mrs,52.0,1.0,0.0,35.0,113789.0,train
4,3,S,missing,missing,Mr,7.8958,0.0,0.0,29.69911764705882,349227.0,train
0,2,S,missing,SOC,Mr,73.5,0.0,0.0,18.0,14879.0,train
0,3,S,missing,CA,Master,46.9,5.0,2.0,1.0,2144.0,test
9,2,S,missing,missing,Miss,13.0,0.0,0.0,36.0,27849.0,train
5,3,Q,missing,missing,Mr,7.7292,0.0,0.0,29.69911764705882,367655.0,train
0,2,C,missing,SCAHBasle,Miss,12.0,0.0,0.0,17.0,1748.0,train
7,1,S,B,missing,Mr,120.0,1.0,2.0,36.0,113760.0,test
4,3,S,missing,missing,Mr,7.7958,0.0,0.0,21.0,350034.0,test
2,3,S,missing,missing,Mr,7.925,2.0,0.0,28.0,3101277.0,train
9,1,C,D,missing,Miss,113.275,1.0,0.0,23.0,35273.0,test
0,3,S,G,PPP,Mrs,16.7,0.0,2.0,24.0,9549.0,train
4,3,S,missing,missing,Mr,7.7958,0.0,0.0,22.0,350052.0,train
4,3,S,missing,missing,Miss,7.8542,0.0,0.0,31.0,350407.0,train
9,2,S,missing,missing,Mr,26.0,0.0,0.0,46.0,28403.0,train
3,2,S,missing,missing,Dr,10.5,0.0,0.0,23.0,244278.0,train
3,2,S,missing,missing,Mrs,12.65,0.0,0.0,28.0,240929.0,train
1,3,S,missing,STONO,Mr,7.925,0.0,0.0,39.0,23101289.0,train
4,3,S,missing,missing,Mr,8.05,0.0,0.0,26.0,341826.0,train
0,3,S,missing,missing,Miss,9.825,1.0,0.0,21.0,4137.0,train
1,3,S,missing,STONO,Mr,15.85,1.0,0.0,28.0,23101279.0,train
4,3,S,missing,missing,Miss,8.6625,0.0,0.0,20.0,315096.0,train
9,2,S,missing,missing,Mr,21.0,1.0,0.0,34.0,28664.0,train
4,3,S,missing,missing,Mr,7.75,0.0,0.0,51.0,347064.0,train
9,2,S,missing,missing,Master,18.75,1.0,1.0,3.0,29106.0,test
4,3,S,missing,missing,Mr,7.775,0.0,0.0,21.0,312992.0,train
0,3,S,missing,missing,Miss,25.4667,3.0,1.0,29.69911764705882,4133.0,train
4,3,S,missing,missing,Mr,7.8958,0.0,0.0,29.69911764705882,349222.0,test
5,3,Q,missing,missing,Mr,6.8583,0.0,0.0,29.69911764705882,394140.0,train
9,1,Q,C,missing,Miss,90.0,1.0,0.0,33.0,19928.0,train
3,2,S,missing,missing,Mr,0.0,0.0,0.0,29.69911764705882,239853.0,train
1,3,S,missing,STONO,Mr,7.925,0.0,0.0,44.0,23101269.0,test
4,3,S,missing,missing,Mrs,8.05,0.0,0.0,29.69911764705882,343095.0,train
9,2,S,missing,missing,Mrs,32.5,1.0,1.0,34.0,28220.0,train
3,2,S,missing,missing,Miss,13.0,0.0,2.0,18.0,250652.0,test
9,2,S,missing,missing,Mr,13.0,0.0,0.0,30.0,28228.0,test
4,3,S,missing,missing,Miss,24.15,0.0,2.0,10.0,345773.0,train
4,3,C,missing,missing,Mr,7.8958,0.0,0.0,29.69911764705882,349254.0,test
8,3,Q,missing,A,Mr,7.7333,0.0,0.0,21.0,513032.0,train
4,3,S,missing,missing,Mr,7.875,0.0,0.0,29.0,315082.0,train
4,3,S,missing,missing,Mrs,14.4,1.0,1.0,28.0,347080.0,train
5,3,S,missing,missing,Mr,20.2125,1.0,1.0,18.0,370129.0,train
6,3,S,missing,A,Mr,7.25,0.0,0.0,29.69911764705882,434244.0,train
0,2,S,missing,missing,Mrs,26.0,1.0,0.0,28.0,2003.0,train
3,2,S,missing,missing,Miss,26.0,0.0,0.0,19.0,250655.0,train
5,3,Q,missing,missing,Mr,7.75,0.0,0.0,29.69911764705882,364851.0,train
5,3,S,E,SOTONOQ,Mr,8.05,0.0,0.0,32.0,392078.0,train
7,1,S,C,missing,Mr,26.55,0.0,0.0,28.0,110564.0,test
5,3,S,missing,missing,Mrs,16.1,1.0,0.0,29.69911764705882,376564.0,train
0,2,S,missing,SCAH,Mrs,26.0,1.0,0.0,42.0,3085.0,test
1,3,S,missing,STONO,Mr,7.125,0.0,0.0,17.0,23101274.0,test
0,1,S,E,missing,Mr,55.9,1.0,0.0,50.0,13507.0,test
7,1,S,B,missing,Miss,120.0,1.0,2.0,14.0,113760.0,train
0,3,S,missing,WC,Miss,34.375,2.0,2.0,21.0,6608.0,train
9,2,S,missing,missing,Mrs,18.75,2.0,3.0,24.0,29106.0,test
9,1,S,C,missing,Mr,263.0,1.0,4.0,64.0,19950.0,train
9,2,S,missing,CA,Mr,10.5,0.0,0.0,31.0,18723.0,test
0,2,S,missing,FCC,Mrs,26.25,1.0,1.0,45.0,13529.0,train
4,3,S,missing,missing,Mr,9.5,0.0,0.0,20.0,345769.0,train
4,3,S,missing,missing,Mr,7.775,1.0,0.0,25.0,347076.0,test
3,2,S,missing,missing,Ms,13.0,0.0,0.0,28.0,230434.0,test
9,3,S,missing,missing,Mr,8.1125,0.0,0.0,29.69911764705882,65306.0,train
9,1,S,A,missing,Master,81.8583,0.0,2.0,4.0,33638.0,train
3,2,S,missing,missing,Miss,19.5,0.0,1.0,13.0,250644.0,train
7,1,S,missing,missing,Mr,26.55,0.0,0.0,34.0,113794.0,train
0,3,C,missing,missing,Miss,19.2583,2.0,1.0,5.0,2666.0,test
7,1,S,C,missing,Major,30.5,0.0,0.0,52.0,113786.0,train
9,2,S,missing,CA,Mr,27.75,1.0,2.0,36.0,34651.0,train
9,3,S,missing,missing,Mr,19.9667,1.0,0.0,29.69911764705882,65303.0,test
7,1,C,C,missing,Mr,27.75,0.0,0.0,30.0,113051.0,train
9,1,C,C,missing,Mr,89.1042,1.0,0.0,49.0,17453.0,train
9,3,S,missing,A,Mr,8.05,0.0,0.0,29.69911764705882,52817.0,train
4,3,C,missing,missing,Mr,7.8958,0.0,0.0,29.0,349240.0,train
0,1,S,E,missing,Mr,26.55,0.0,0.0,65.0,13509.0,train
9,1,S,D,missing,Mrs,51.8625,1.0,0.0,29.69911764705882,17464.0,train
0,2,S,missing,FCC,Miss,10.5,0.0,0.0,50.0,13531.0,train
5,3,Q,missing,missing,Mr,7.75,0.0,0.0,29.69911764705882,371060.0,train
9,1,S,E,missing,Mr,26.55,0.0,0.0,48.0,19952.0,train
5,3,S,missing,missing,Mr,8.05,0.0,0.0,34.0,364506.0,train
7,1,S,E,missing,Mr,38.5,0.0,0.0,47.0,111320.0,train
3,2,S,missing,missing,Mr,13.0,0.0,0.0,48.0,234360.0,train
0,3,S,missing,LOW,Mr,8.05,0.0,0.0,29.69911764705882,2816.0,test
2,3,S,missing,SOTONOQ,Mr,7.05,0.0,0.0,38.0,3101306.0,train
3,2,S,missing,missing,Mr,0.0,0.0,0.0,29.69911764705882,239853.0,train
7,1,S,missing,missing,Mr,26.55,0.0,0.0,56.0,113792.0,test
9,3,Q,missing,missing,Mr,7.725,0.0,0.0,29.69911764705882,36209.0,test
0,3,C,missing,missing,Miss,19.2583,2.0,1.0,0.75,2666.0,train
4,3,S,missing,missing,Mr,7.25,0.0,0.0,29.69911764705882,323592.0,train
4,3,S,missing,missing,Mr,8.6625,0.0,0.0,38.0,315089.0,test
9,2,S,missing,CA,Mrs,27.75,1.0,2.0,33.0,34651.0,train
0,2,C,D,SCAHBasle,Mrs,13.7917,0.0,0.0,23.0,541.0,train
0,3,S,missing,missing,Miss,9.8375,0.0,0.0,22.0,7553.0,train
7,1,S,A,missing,Mr,52.0,0.0,0.0,29.69911764705882,110465.0,train
9,2,S,missing,missing,Mr,21.0,1.0,0.0,34.0,31027.0,train
0,3,S,missing,missing,Mr,7.0458,1.0,0.0,29.0,3460.0,train
4,3,S,missing,missing,Mr,7.5208,0.0,0.0,22.0,350060.0,train
2,3,S,missing,missing,Miss,12.2875,0.0,1.0,2.0,3101298.0,train
0,3,S,missing,CA,Master,46.9,5.0,2.0,9.0,2144.0,train
3,2,S,missing,missing,Mr,0.0,0.0,0.0,29.69911764705882,239854.0,train
9,3,S,missing,A,Mr,8.05,0.0,0.0,50.0,53594.0,train
0,3,S,missing,missing,Mrs,9.5875,0.0,0.0,63.0,4134.0,test
0,1,C,B,missing,Mr,91.0792,1.0,0.0,25.0,11967.0,train
0,3,S,missing,missing,Miss,25.4667,3.0,1.0,29.69911764705882,4133.0,train
9,1,S,C,missing,Mrs,90.0,1.0,0.0,35.0,19943.0,train
0,1,C,B,missing,Mr,29.7,0.0,0.0,58.0,11771.0,train
8,3,S,missing,A,Mr,8.05,0.0,0.0,30.0,518509.0,test
9,3,S,missing,CA,Master,15.9,1.0,1.0,9.0,37671.0,test
9,3,S,missing,missing,Mr,19.9667,1.0,0.0,29.69911764705882,65304.0,train
2,3,S,missing,SOTONOQ,Mr,7.25,0.0,0.0,21.0,3101317.0,train
7,1,S,C,missing,Mr,30.5,0.0,0.0,55.0,113787.0,test
9,1,C,missing,PC,Mr,49.5042,0.0,0.0,71.0,17609.0,train
6,3,S,missing,A,Mr,8.05,0.0,0.0,21.0,445380.0,test
0,3,C,missing,missing,Mr,14.4583,0.0,0.0,29.69911764705882,2627.0,train
9,1,C,D,missing,Miss,78.2667,1.0,0.0,54.0,36947.0,test
0,3,S,missing,CA,Mr,15.1,0.0,0.0,29.69911764705882,6212.0,test
7,1,S,C,missing,Mrs,151.55,1.0,2.0,25.0,113781.0,train
4,3,S,missing,missing,Mr,7.7958,0.0,0.0,24.0,350035.0,train
4,3,S,missing,missing,Mr,8.6625,0.0,0.0,17.0,315086.0,train
5,3,Q,missing,missing,Miss,7.75,0.0,0.0,21.0,364846.0,train
4,3,Q,missing,missing,Miss,7.6292,0.0,0.0,29.69911764705882,330909.0,test
0,3,S,missing,missing,Miss,9.5875,0.0,0.0,37.0,4135.0,test
7,1,S,B,missing,Miss,86.5,0.0,0.0,16.0,110152.0,train
9,1,C,C,PC,Mr,108.9,1.0,0.0,18.0,17758.0,train
9,2,S,missing,missing,Mrs,26.0,0.0,2.0,33.0,26360.0,test
7,1,S,missing,missing,Mr,26.55,0.0,0.0,29.69911764705882,111427.0,train
0,3,S,missing,CA,Mr,22.525,0.0,0.0,28.0,4001.0,train
0,3,S,missing,missing,Mr,56.4958,0.0,0.0,26.0,1601.0,train
5,3,Q,missing,missing,Mr,7.75,0.0,0.0,29.0,382651.0,test
2,3,S,missing,SOTONOQ,Mr,8.05,0.0,0.0,29.69911764705882,3101316.0,test
9,1,S,E,PC,Mr,26.2875,0.0,0.0,36.0,17473.0,test
9,1,C,missing,PC,Mrs,59.4,1.0,0.0,54.0,17603.0,train
4,3,S,missing,missing,Mr,7.4958,0.0,0.0,24.0,349209.0,train
9,1,S,D,missing,Mr,34.0208,0.0,0.0,47.0,36967.0,test
9,2,S,F,CA,Mrs,10.5,0.0,0.0,34.0,34260.0,train
5,3,Q,missing,missing,Mr,24.15,0.0,0.0,29.69911764705882,371110.0,train
3,2,S,missing,missing,Mrs,26.0,1.0,0.0,36.0,226875.0,train
4,3,S,missing,missing,Mr,7.8958,0.0,0.0,32.0,349242.0,test
0,1,S,B,missing,Miss,93.5,0.0,0.0,30.0,12749.0,train
4,3,S,missing,missing,Mr,7.8958,0.0,0.0,22.0,349252.0,test
0,3,C,missing,missing,Mr,7.225,0.0,0.0,29.69911764705882,2624.0,train
7,1,C,B,missing,Mrs,57.9792,0.0,1.0,44.0,111361.0,train
0,3,C,missing,missing,Mr,7.2292,0.0,0.0,29.69911764705882,2700.0,train
5,3,Q,missing,missing,Mr,7.75,0.0,0.0,40.5,367232.0,train
0,2,S,missing,WC,Miss,10.5,0.0,0.0,50.0,14258.0,train
9,1,S,C,PC,Mr,221.7792,0.0,0.0,29.69911764705882,17483.0,train
2,3,S,missing,missing,Mr,7.925,0.0,0.0,39.0,3101296.0,test
9,2,S,missing,missing,Mr,11.5,2.0,1.0,23.0,29104.0,train
9,2,S,missing,missing,Miss,26.0,1.0,1.0,2.0,26360.0,train
0,3,C,missing,missing,Mr,7.2292,0.0,0.0,29.69911764705882,2641.0,test
0,3,C,missing,missing,Mr,7.2292,1.0,1.0,17.0,2690.0,train
0,3,C,missing,missing,Mrs,22.3583,0.0,2.0,29.69911764705882,2668.0,test
4,3,S,missing,missing,Miss,8.6625,0.0,0.0,30.0,315084.0,train
0,2,S,missing,FCC,Miss,26.25,0.0,2.0,7.0,13529.0,test
7,1,S,B,missing,Major,26.55,0.0,0.0,45.0,113050.0,train
9,1,C,missing,PC,Miss,106.425,0.0,0.0,30.0,17761.0,train
5,3,S,missing,missing,Mr,14.5,0.0,0.0,29.69911764705882,364498.0,train
0,1,C,B,missing,Miss,49.5,0.0,2.0,22.0,13568.0,test
0,1,S,B,WEP,Miss,71.0,0.0,2.0,36.0,5735.0,train
4,3,S,missing,missing,Miss,31.275,4.0,2.0,9.0,347082.0,train
4,3,S,missing,missing,Miss,31.275,4.0,2.0,11.0,347082.0,train
0,2,S,missing,missing,Mr,26.0,1.0,0.0,32.0,2908.0,test
9,1,C,C,PC,Mr,106.425,1.0,0.0,50.0,17761.0,train
0,1,S,missing,missing,Mr,26.0,0.0,0.0,64.0,693.0,train
0,2,S,missing,missing,Mrs,26.0,1.0,0.0,19.0,2908.0,train
0,2,C,missing,SCPARIS,Mr,13.8625,0.0,0.0,29.69911764705882,2146.0,train
5,3,S,missing,missing,Mr,20.525,1.0,1.0,33.0,363291.0,test
9,2,S,missing,CA,Master,36.75,1.0,1.0,8.0,33112.0,train
9,1,C,C,missing,Mr,110.8833,0.0,2.0,17.0,17421.0,train
3,2,S,missing,missing,Mr,26.0,0.0,0.0,27.0,244358.0,train
4,3,Q,missing,missing,Mr,7.8292,0.0,0.0,29.69911764705882,330979.0,train
0,3,C,missing,missing,Mr,7.225,0.0,0.0,22.0,2620.0,train
4,3,S,missing,missing,Miss,7.775,0.0,0.0,22.0,347085.0,train
7,1,S,missing,missing,Mr,26.55,0.0,0.0,62.0,113807.0,train
0,1,C,A,missing,Miss,39.6,1.0,0.0,48.0,11755.0,train
9,1,C,missing,PC,Mr,227.525,0.0,0.0,29.69911764705882,17757.0,train
7,1,S,E,missing,Mrs,79.65,1.0,1.0,39.0,110413.0,train
4,3,S,missing,missing,Mrs,17.4,1.0,0.0,36.0,345572.0,test
5,3,Q,missing,missing,Mr,7.75,0.0,0.0,29.69911764705882,372622.0,train
4,3,S,missing,missing,Mr,7.8958,0.0,0.0,40.0,349251.0,train
3,2,S,missing,missing,Mr,13.5,0.0,0.0,28.0,218629.0,train
5,3,S,missing,SOTONOQ,Mr,8.05,0.0,0.0,29.69911764705882,392082.0,train
5,3,S,missing,SOTONOQ,Miss,8.05,0.0,0.0,29.69911764705882,392087.0,train
6,3,S,missing,A,Mr,24.15,2.0,0.0,24.0,448871.0,train
4,3,S,missing,missing,Mr,7.8958,0.0,0.0,19.0,349205.0,test
4,3,S,missing,missing,Mrs,21.075,0.0,4.0,29.0,349909.0,test
0,3,C,missing,missing,Mr,7.2292,0.0,0.0,29.69911764705882,2686.0,train
4,3,S,missing,missing,Mr,7.8542,0.0,0.0,32.0,350417.0,test
0,2,S,missing,SWPP,Mr,10.5,0.0,0.0,62.0,752.0,train
0,1,S,C,missing,Mrs,51.4792,2.0,0.0,53.0,11769.0,train
9,1,S,E,PC,Mr,26.3875,0.0,0.0,36.0,17474.0,train
0,3,Q,missing,missing,Miss,7.75,0.0,0.0,29.69911764705882,14312.0,train
6,3,S,missing,A,Mr,8.05,0.0,0.0,16.0,420589.0,train
4,3,S,missing,missing,Mr,14.5,0.0,0.0,19.0,358585.0,train
3,2,S,missing,missing,Miss,13.0,0.0,0.0,34.0,243880.0,test
0,1,S,E,missing,Mrs,55.9,1.0,0.0,39.0,13507.0,train
0,3,C,missing,missing,Mrs,14.4583,1.0,0.0,29.69911764705882,2689.0,test
1,3,S,missing,STONO,Mr,7.925,0.0,0.0,32.0,23101286.0,train
3,2,S,missing,missing,Miss,30.0,1.0,1.0,25.0,237789.0,train
9,1,C,C,missing,Mrs,110.8833,1.0,1.0,39.0,17421.0,train
9,2,S,missing,missing,Mr,26.0,0.0,0.0,54.0,28403.0,train
0,1,C,A,missing,Mr,40.125,0.0,0.0,36.0,13049.0,train
0,3,C,missing,missing,Mr,8.7125,0.0,0.0,29.69911764705882,3411.0,test
7,1,S,E,missing,Miss,79.65,0.0,2.0,18.0,110413.0,train
3,2,S,missing,missing,Mr,15.0,0.0,0.0,47.0,237565.0,train
0,1,C,B,missing,Mr,79.2,1.0,1.0,60.0,13567.0,test
0,3,S,missing,missing,Mr,8.05,0.0,0.0,22.0,14973.0,train
9,3,S,missing,A,Mr,8.05,0.0,0.0,29.69911764705882,53235.0,train
1,3,S,missing,STONO,Mr,7.125,0.0,0.0,35.0,23101273.0,train
9,1,C,D,missing,Mrs,78.2667,1.0,0.0,52.0,36947.0,test
9,3,S,missing,A,Mr,7.25,0.0,0.0,47.0,53902.0,train
5,3,Q,missing,missing,Miss,7.75,0.0,2.0,29.69911764705882,364848.0,train
9,2,S,missing,SCAH,Mr,26.0,1.0,0.0,37.0,29037.0,test
4,3,S,missing,missing,Mr,24.15,1.0,1.0,36.0,345773.0,train
3,2,S,missing,missing,Miss,33.0,0.0,0.0,29.69911764705882,248727.0,train
0,3,S,missing,LINE,Mr,0.0,0.0,0.0,49.0,0.0,train
0,3,C,missing,missing,Mr,7.225,0.0,0.0,29.69911764705882,2664.0,train
9,1,C,A,PC,Sir,56.9292,1.0,0.0,49.0,17485.0,train
3,2,S,missing,missing,Mrs,27.0,2.0,1.0,24.0,243847.0,train
4,3,S,missing,missing,Mr,7.8958,0.0,0.0,29.69911764705882,349214.0,train
7,1,S,missing,missing,Mr,42.4,0.0,0.0,29.69911764705882,113796.0,test
5,3,S,missing,missing,Mr,8.05,0.0,0.0,44.0,364511.0,train
7,1,C,missing,missing,Mr,26.55,0.0,0.0,35.0,111426.0,test
4,3,S,missing,missing,Mr,15.55,1.0,0.0,36.0,349910.0,train
4,3,S,missing,missing,Mr,7.8958,0.0,0.0,30.0,349246.0,train
7,1,S,missing,missing,Mr,30.5,0.0,0.0,27.0,113804.0,train
0,2,C,missing,SCParis,Mrs,41.5792,1.0,2.0,22.0,2123.0,train
9,1,S,C,PC,Miss,153.4625,0.0,0.0,40.0,17582.0,train
4,3,S,missing,missing,Mrs,31.275,1.0,5.0,39.0,347082.0,train
2,3,S,missing,SOTONOQ,Mr,7.05,0.0,0.0,29.69911764705882,3101305.0,train
5,3,Q,missing,missing,Miss,15.5,1.0,0.0,29.69911764705882,367230.0,test
5,3,Q,missing,missing,Mr,7.75,0.0,0.0,29.69911764705882,370377.0,test
5,3,S,missing,missing,Mr,8.05,0.0,0.0,35.0,364512.0,train
3,2,S,missing,missing,Miss,65.0,1.0,2.0,24.0,220845.0,train
4,3,S,missing,missing,Mr,14.4,1.0,1.0,34.0,347080.0,train
9,3,S,missing,A,Mrs,16.1,1.0,0.0,26.0,53336.0,train
3,2,S,F,missing,Miss,39.0,2.0,1.0,4.0,230136.0,train
9,2,S,missing,missing,Mr,10.5,0.0,0.0,26.0,31028.0,train
0,3,C,missing,missing,Mr,14.4542,1.0,0.0,27.0,2659.0,test
0,1,S,D,missing,Mr,52.5542,1.0,0.0,42.0,11753.0,train
0,3,C,missing,missing,Mr,15.7417,1.0,1.0,20.0,2653.0,test
4,3,S,missing,missing,Mr,7.8542,0.0,0.0,21.0,350029.0,test
9,3,S,missing,missing,Mr,16.1,0.0,0.0,21.0,54636.0,test
9,1,S,D,missing,Mr,32.3208,0.0,0.0,61.0,36963.0,train
3,2,Q,missing,missing,LOW,12.35,0.0,0.0,57.0,219533.0,train
0,1,S,D,missing,Miss,77.9583,0.0,0.0,21.0,13502.0,train
4,3,S,missing,missing,Mr,7.8958,0.0,0.0,26.0,349224.0,train
4,3,Q,missing,missing,Mr,7.7333,0.0,0.0,29.69911764705882,334912.0,test
9,1,S,A,missing,Mr,30.0,0.0,0.0,80.0,27042.0,test
4,3,S,missing,missing,Mr,7.0542,0.0,0.0,51.0,347743.0,train
0,1,C,B,missing,Dr,30.5,0.0,0.0,32.0,13214.0,test
7,1,S,missing,missing,Mr,0.0,0.0,0.0,29.69911764705882,112052.0,train
4,3,S,missing,missing,Miss,27.9,3.0,2.0,9.0,347088.0,train
3,2,S,missing,missing,Miss,13.0,0.0,0.0,28.0,237668.0,test
1,3,S,missing,STONO,Mr,7.925,0.0,0.0,32.0,23101292.0,train
9,2,S,missing,CA,Mr,26.25,1.0,1.0,31.0,31921.0,train
2,3,S,missing,missing,Mrs,39.6875,0.0,5.0,41.0,3101295.0,train
5,3,S,missing,missing,Mr,16.1,1.0,0.0,29.69911764705882,376564.0,train
4,3,S,missing,missing,Mr,7.8542,0.0,0.0,20.0,350050.0,train
9,1,C,B,PC,Mlle,69.3,0.0,0.0,24.0,17477.0,train
4,3,S,missing,missing,Miss,27.9,3.0,2.0,2.0,347088.0,test
0,3,S,missing,missing,Mr,56.4958,0.0,0.0,29.69911764705882,1601.0,train
0,3,C,missing,missing,Miss,19.2583,2.0,1.0,0.75,2666.0,test
9,1,C,D,PC,Mr,76.7292,1.0,0.0,48.0,17572.0,train
4,3,S,missing,missing,Mr,7.8958,0.0,0.0,19.0,349231.0,train
0,1,C,A,missing,Col,35.5,0.0,0.0,56.0,13213.0,test
0,3,S,missing,LOW,Mr,7.55,0.0,0.0,29.69911764705882,751.0,train
0,3,S,missing,CA,Miss,7.55,0.0,0.0,23.0,2314.0,train
4,3,S,missing,missing,Mr,7.8958,0.0,0.0,29.69911764705882,349221.0,train
3,2,S,missing,missing,Miss,23.0,0.0,1.0,18.0,231919.0,train
0,3,S,missing,missing,Mr,8.4333,0.0,0.0,21.0,8475.0,test
4,3,Q,missing,missing,Miss,7.8292,0.0,0.0,29.69911764705882,330919.0,train
5,3,Q,missing,missing,Miss,6.75,0.0,0.0,18.0,365226.0,train
0,2,S,missing,SOC,Mr,73.5,2.0,0.0,24.0,14879.0,test
4,3,S,missing,missing,Mr,7.8958,0.0,0.0,29.69911764705882,349223.0,train
5,3,Q,missing,missing,Mrs,15.5,1.0,1.0,32.0,364849.0,train
9,2,S,missing,missing,Mr,13.0,0.0,0.0,23.0,29751.0,train
9,1,C,D,missing,Mr,113.275,0.0,2.0,58.0,35273.0,test
9,1,S,missing,PC,Dr,133.65,2.0,0.0,50.0,17611.0,train
0,3,C,missing,missing,Mr,7.225,0.0,0.0,40.0,2623.0,train
0,1,S,E,missing,Mr,25.5875,0.0,0.0,47.0,5727.0,train
4,3,S,missing,missing,Mr,7.4958,0.0,0.0,36.0,349210.0,train
1,3,S,missing,STONO,Mr,7.925,1.0,0.0,20.0,23101285.0,train
0,2,S,missing,SOC,Mr,73.5,2.0,0.0,32.0,14879.0,train
3,2,S,missing,missing,Mr,13.0,0.0,0.0,25.0,234686.0,train
4,3,S,missing,missing,Mr,7.775,0.0,0.0,29.69911764705882,312993.0,train
9,3,S,missing,A,Mr,8.05,0.0,0.0,43.0,53536.0,test
9,1,S,C,missing,Mrs,52.0,1.0,0.0,29.69911764705882,19996.0,train
9,2,S,missing,missing,Mrs,39.0,1.0,1.0,40.0,29750.0,train
0,1,S,B,FCC,Mr,52.0,1.0,0.0,31.0,12750.0,train
9,2,S,missing,CA,Mr,10.5,0.0,0.0,70.0,24580.0,test
3,2,S,missing,missing,Mr,13.0,0.0,0.0,31.0,244270.0,train
3,2,S,missing,missing,Mr,0.0,0.0,0.0,29.69911764705882,239856.0,train
4,3,S,missing,missing,Mr,7.775,0.0,0.0,18.0,349912.0,train
4,3,S,missing,missing,Mr,8.05,0.0,0.0,24.5,342826.0,test
0,3,S,missing,missing,Miss,9.8417,0.0,0.0,18.0,4138.0,test
0,3,S,missing,CA,Mrs,46.9,1.0,6.0,43.0,2144.0,train
9,1,C,B,PC,Mr,512.3292,0.0,1.0,36.0,17755.0,train
4,3,Q,missing,missing,Miss,8.1375,0.0,0.0,29.69911764705882,330935.0,train
9,1,C,D,PC,Mr,76.7292,0.0,0.0,27.0,17572.0,train
0,3,S,missing,missing,Mr,9.225,0.0,0.0,20.0,6563.0,train
0,3,S,missing,CA,Mr,46.9,5.0,2.0,14.0,2144.0,train
9,2,S,missing,missing,Mr,39.0,1.0,1.0,60.0,29750.0,train
0,2,C,missing,SCParis,Mr,41.5792,1.0,2.0,25.0,2123.0,train
2,3,S,missing,missing,Mr,39.6875,4.0,1.0,14.0,3101295.0,test
4,3,S,missing,missing,Mr,10.1708,0.0,0.0,19.0,349228.0,train
4,3,S,missing,missing,Mr,7.7958,0.0,0.0,18.0,350036.0,train
9,1,S,B,missing,Miss,211.3375,0.0,1.0,15.0,24160.0,test
9,1,S,B,missing,Mr,57.0,1.0,0.0,31.0,17474.0,train
4,3,C,missing,missing,Miss,13.4167,0.0,1.0,4.0,349256.0,test
0,3,S,missing,missing,Mr,56.4958,0.0,0.0,29.69911764705882,1601.0,train
0,3,C,missing,missing,Mr,7.225,0.0,0.0,25.0,2672.0,train
7,1,S,missing,missing,Col,26.55,0.0,0.0,60.0,113800.0,train
3,2,S,missing,missing,Mr,13.5,0.0,0.0,52.0,248731.0,train
5,3,S,missing,missing,Mr,8.05,0.0,0.0,44.0,363592.0,train
9,3,Q,missing,missing,Miss,7.7333,0.0,0.0,29.69911764705882,35852.0,train
9,1,C,C,missing,Mr,110.8833,1.0,1.0,49.0,17421.0,train
4,3,S,F,missing,Mr,7.65,0.0,0.0,42.0,348121.0,train
9,1,C,C,PC,Mrs,227.525,1.0,0.0,18.0,17757.0,train
9,1,S,E,PC,Mr,26.2875,0.0,0.0,35.0,17475.0,test
0,3,C,missing,missing,Miss,14.4542,0.0,1.0,18.0,2691.0,train
9,3,Q,missing,missing,Mr,7.7417,0.0,0.0,25.0,36864.0,train
4,3,S,missing,missing,Mr,7.8542,1.0,0.0,26.0,350025.0,train
3,2,S,missing,missing,Mr,26.0,0.0,0.0,39.0,250655.0,test
3,2,S,missing,missing,Mrs,13.5,0.0,0.0,45.0,223596.0,train
9,1,S,E,PC,Mr,26.2875,0.0,0.0,42.0,17476.0,train
7,1,S,missing,missing,Miss,151.55,0.0,0.0,22.0,113781.0,train
0,3,C,missing,missing,Master,15.2458,1.0,1.0,29.69911764705882,2661.0,train
9,1,C,C,PC,Mlle,49.5042,0.0,0.0,24.0,17482.0,train
7,1,S,C,missing,Mr,26.55,0.0,0.0,29.69911764705882,113028.0,train
9,1,S,C,missing,Mr,52.0,1.0,0.0,48.0,19996.0,test
0,3,S,missing,missing,Mr,9.4833,0.0,0.0,29.0,7545.0,train
3,2,S,missing,missing,Mr,13.0,0.0,0.0,52.0,250647.0,test
4,3,S,F,missing,Mr,7.65,0.0,0.0,19.0,348124.0,test
9,1,C,C,PC,Miss,227.525,0.0,0.0,38.0,17757.0,train
9,2,S,E,missing,Miss,10.5,0.0,0.0,27.0,34218.0,train
9,3,Q,missing,missing,Mr,15.5,0.0,0.0,29.69911764705882,36568.0,train
4,3,S,missing,missing,Mr,7.775,0.0,0.0,33.0,347062.0,train
3,2,S,missing,missing,Miss,33.0,0.0,1.0,6.0,248727.0,train
4,3,S,missing,missing,Mr,7.0542,1.0,0.0,17.0,350048.0,train
0,2,S,missing,missing,Mr,13.0,0.0,0.0,34.0,12233.0,train
3,2,S,missing,missing,Mr,13.0,0.0,0.0,50.0,250643.0,train
7,1,S,E,missing,Mr,53.1,1.0,0.0,27.0,113806.0,test
4,3,S,missing,missing,Mr,8.6625,0.0,0.0,20.0,315094.0,train
9,2,S,missing,missing,Mrs,21.0,3.0,0.0,30.0,31027.0,train
9,3,Q,missing,missing,Miss,7.7375,0.0,0.0,29.69911764705882,36866.0,train
3,2,S,missing,missing,Mr,26.0,1.0,0.0,25.0,236853.0,train
1,3,S,missing,STONO,Miss,7.925,1.0,0.0,25.0,23101271.0,train
9,1,S,B,missing,Miss,211.3375,0.0,0.0,29.0,24160.0,test
0,3,C,missing,missing,Mr,18.7875,0.0,0.0,11.0,2699.0,train
3,2,S,missing,missing,Mr,0.0,0.0,0.0,29.69911764705882,239855.0,train
9,2,S,missing,missing,Mr,13.0,0.0,0.0,23.0,28425.0,train
3,2,S,missing,missing,Mr,13.0,0.0,0.0,23.0,233639.0,test
9,3,S,missing,missing,Mr,16.1,0.0,0.0,28.5,54636.0,train
0,3,S,missing,WC,Mrs,34.375,1.0,3.0,48.0,6608.0,train
9,1,C,B,PC,Mr,512.3292,0.0,0.0,35.0,17755.0,train
4,3,S,missing,missing,Mr,7.8958,0.0,0.0,29.69911764705882,349201.0,train
4,3,S,missing,missing,Mr,7.8958,0.0,0.0,29.69911764705882,349218.0,test
9,1,S,D,missing,Mr,30.0,0.0,0.0,29.69911764705882,16988.0,test
9,1,S,C,missing,Mr,78.85,1.0,0.0,36.0,19877.0,train
9,1,C,B,PC,Miss,262.375,2.0,2.0,21.0,17608.0,train
5,3,S,missing,missing,Mr,16.1,1.0,0.0,24.0,376566.0,test
1,3,S,missing,STONO,Mr,7.925,0.0,0.0,31.0,23101288.0,train
0,1,S,B,WEP,LOW,71.0,1.0,1.0,70.0,5735.0,train
0,3,S,missing,CA,Mr,20.25,1.0,1.0,16.0,2673.0,train
3,2,S,missing,missing,Miss,13.0,0.0,0.0,30.0,250648.0,train
7,1,S,D,missing,Mr,53.1,1.0,0.0,19.0,113773.0,train
4,3,Q,missing,missing,Mr,7.75,0.0,0.0,31.0,335097.0,test
9,2,S,missing,missing,Miss,23.0,1.0,1.0,4.0,29103.0,train
5,3,S,E,missing,Master,12.475,0.0,1.0,6.0,392096.0,train
4,3,S,missing,missing,Mr,9.5,0.0,0.0,33.0,345780.0,test
4,3,S,missing,missing,Mr,7.8958,0.0,0.0,23.0,349204.0,train
3,2,S,missing,missing,Mrs,65.0,1.0,2.0,48.0,220845.0,train
3,2,S,missing,missing,Master,14.5,1.0,1.0,0.67,250649.0,train
4,3,S,missing,missing,Mr,7.7958,0.0,0.0,28.0,350042.0,train
9,2,S,missing,missing,Mr,11.5,0.0,0.0,18.0,29108.0,train
5,3,S,missing,missing,Mr,8.05,0.0,0.0,34.0,363294.0,train
7,1,S,B,missing,Countess,86.5,0.0,0.0,33.0,110152.0,test
4,3,S,missing,missing,Mr,14.5,0.0,0.0,29.69911764705882,358585.0,train
1,3,S,missing,LOW,Mr,7.125,0.0,0.0,41.0,23101272.0,train
0,3,C,missing,missing,Mr,7.2292,0.0,0.0,20.0,2663.0,train
7,1,S,B,missing,Mrs,120.0,1.0,2.0,36.0,113760.0,train
4,3,S,missing,missing,Mr,7.775,0.0,0.0,16.0,347074.0,train
0,1,S,D,missing,Mrs,77.9583,1.0,0.0,51.0,13502.0,train
7,1,C,missing,missing,Dr,39.6,0.0,0.0,29.69911764705882,112379.0,train
5,3,Q,missing,missing,Miss,7.75,0.0,0.0,30.5,364850.0,train
5,3,Q,missing,missing,Mr,24.15,1.0,0.0,29.69911764705882,371110.0,train
0,3,S,missing,missing,Mr,8.3625,0.0,0.0,32.0,8471.0,train
4,3,S,missing,missing,Mr,9.5,0.0,0.0,24.0,345781.0,train
4,3,S,missing,missing,Mr,7.8542,0.0,0.0,48.0,350047.0,train
0,2,S,E,LOW,Mrs,10.5,0.0,0.0,57.0,3.0,test
0,3,C,missing,missing,Mr,7.225,0.0,0.0,29.69911764705882,2674.0,train
9,2,S,missing,missing,Mrs,23.0,1.0,3.0,54.0,29105.0,test
4,3,S,missing,missing,Mr,7.75,0.0,0.0,18.0,347078.0,test
5,3,Q,F,missing,Mr,7.75,0.0,0.0,29.69911764705882,383121.0,train
5,3,S,missing,missing,Miss,12.475,0.0,0.0,5.0,364516.0,test
9,3,Q,missing,missing,Mr,7.7375,0.0,0.0,29.69911764705882,36865.0,train
9,1,S,B,missing,Mrs,211.3375,0.0,1.0,43.0,24160.0,train
0,3,C,missing,missing,Miss,7.2292,0.0,0.0,13.0,2687.0,train
9,1,S,B,missing,Mrs,57.0,1.0,0.0,17.0,17474.0,train
7,1,S,D,missing,Mr,30.0,0.0,0.0,29.0,113501.0,test
0,3,S,missing,WC,Mr,23.45,1.0,2.0,29.69911764705882,6607.0,train
2,3,S,missing,SOTONOQ,Mr,7.05,0.0,0.0,25.0,3101312.0,train
5,3,S,missing,missing,Mr,7.25,0.0,0.0,25.0,374887.0,train
2,3,S,missing,missing,Miss,7.4958,0.0,0.0,18.0,3101265.0,train
5,3,Q,missing,missing,Master,29.125,4.0,1.0,8.0,382652.0,train
0,3,S,missing,CA,Master,20.575,1.0,2.0,1.0,2315.0,test
9,1,C,B,PC,Mr,79.2,0.0,0.0,46.0,17593.0,train
0,3,Q,missing,missing,Mr,7.75,0.0,0.0,29.69911764705882,12460.0,test
3,2,S,missing,missing,Mr,26.0,0.0,0.0,16.0,239865.0,train
0,3,S,missing,CA,Miss,69.55,8.0,2.0,29.69911764705882,2343.0,train
9,1,C,missing,PC,Mr,30.6958,0.0,0.0,29.69911764705882,17600.0,train
4,3,S,missing,missing,Mr,7.8958,0.0,0.0,25.0,349203.0,train
9,2,S,missing,missing,Mr,13.0,0.0,0.0,39.0,28213.0,train
9,1,S,D,missing,Dr,25.9292,0.0,0.0,49.0,17465.0,train
4,3,S,missing,missing,Mrs,8.6833,0.0,0.0,31.0,349244.0,train
0,3,C,missing,missing,Mr,7.2292,0.0,0.0,30.0,2685.0,train
4,3,S,missing,missing,Mrs,24.15,1.0,1.0,30.0,345773.0,train
3,2,S,missing,missing,Mr,13.0,0.0,0.0,34.0,250647.0,test
9,2,S,missing,CA,Mrs,26.25,1.0,1.0,31.0,31921.0,train
7,1,S,B,missing,Master,120.0,1.0,2.0,11.0,113760.0,train
0,3,C,missing,missing,Master,8.5167,0.0,1.0,0.42,2625.0,train
4,3,S,missing,missing,Mr,6.975,0.0,0.0,27.0,347089.0,train
4,3,S,missing,missing,Mr,7.775,0.0,0.0,31.0,347063.0,train
7,1,S,A,missing,Mr,0.0,0.0,0.0,39.0,112050.0,train
4,3,S,missing,missing,Miss,7.775,0.0,0.0,18.0,347087.0,train
3,2,S,missing,missing,Mr,13.0,0.0,0.0,39.0,248723.0,train
7,1,S,E,missing,Mrs,53.1,1.0,0.0,33.0,113806.0,train
0,3,S,missing,missing,Mr,7.8875,0.0,0.0,26.0,3474.0,train
6,3,S,missing,A,Mr,24.15,0.0,0.0,39.0,448871.0,train
9,2,S,missing,missing,Mr,10.5,0.0,0.0,35.0,28206.0,test
4,3,S,missing,missing,Miss,31.275,4.0,2.0,6.0,347082.0,train
5,3,S,missing,missing,Mr,8.05,0.0,0.0,30.5,364499.0,train
7,1,S,B,missing,Mr,0.0,0.0,0.0,29.69911764705882,112058.0,test
1,3,S,missing,STONO,Miss,7.925,0.0,0.0,23.0,23101290.0,train
0,2,C,missing,SCPARIS,Mr,37.0042,1.0,1.0,31.0,2079.0,train
0,3,S,missing,CA,Mr,6.45,0.0,0.0,43.0,7075.0,train
4,3,S,missing,missing,Master,27.9,3.0,2.0,10.0,347088.0,test
0,1,S,B,missing,Mrs,93.5,1.0,1.0,52.0,12749.0,train
4,3,S,missing,missing,Mr,8.6625,0.0,0.0,27.0,315098.0,test
9,1,S,missing,missing,LOW,0.0,0.0,0.0,38.0,19972.0,test
5,3,S,E,missing,Mrs,12.475,0.0,1.0,27.0,392096.0,train
2,3,S,missing,missing,Master,39.6875,4.0,1.0,2.0,3101295.0,train
5,3,Q,missing,missing,Mr,6.95,0.0,0.0,29.69911764705882,368323.0,test
0,3,S,missing,missing,Mr,56.4958,0.0,0.0,29.69911764705882,1601.0,train
0,2,C,missing,SCPARIS,Master,37.0042,0.0,2.0,1.0,2079.0,train
5,3,Q,missing,missing,Mr,7.75,0.0,0.0,29.69911764705882,367228.0,test
7,1,Missing,B,missing,Mrs,80.0,0.0,0.0,62.0,113572.0,train
0,3,C,missing,missing,Mrs,14.4542,1.0,0.0,15.0,2659.0,train
9,2,S,missing,missing,Master,18.75,1.0,1.0,0.83,29106.0,test
0,3,C,missing,missing,Mr,7.2292,0.0,0.0,29.69911764705882,2671.0,test
4,3,S,missing,missing,Mr,7.8542,0.0,0.0,23.0,347468.0,train
0,3,S,missing,missing,Mr,8.3,0.0,0.0,18.0,2223.0,test
9,1,C,E,PC,Miss,83.1583,1.0,1.0,39.0,17756.0,test
4,3,S,missing,missing,Mr,8.6625,0.0,0.0,21.0,315097.0,train
5,3,S,missing,missing,Mr,8.05,0.0,0.0,29.69911764705882,392092.0,train
0,3,S,missing,missing,Mr,56.4958,0.0,0.0,32.0,1601.0,test
0,1,C,C,missing,Mr,29.7,0.0,0.0,29.69911764705882,11774.0,train
1,3,S,missing,LOW,Mr,7.925,0.0,0.0,20.0,23101287.0,train
0,2,S,missing,LOW,Mr,10.5,0.0,0.0,16.0,3.0,train
7,1,C,missing,missing,Miss,31.0,0.0,0.0,30.0,113798.0,train
0,3,C,missing,missing,Mr,6.4375,0.0,0.0,34.5,2683.0,train
4,3,S,missing,missing,Mr,8.6625,0.0,0.0,17.0,315090.0,train
0,3,S,missing,CA,Mr,7.55,0.0,0.0,42.0,5547.0,train
0,3,S,missing,CA,Mr,69.55,8.0,2.0,29.69911764705882,2343.0,train
4,3,C,missing,missing,Mr,7.8958,0.0,0.0,35.0,349213.0,test
3,2,S,missing,missing,LOW,33.0,0.0,1.0,28.0,248727.0,test
9,1,C,C,missing,Mrs,89.1042,1.0,0.0,29.69911764705882,17453.0,train
4,3,S,missing,missing,Master,31.275,4.0,2.0,4.0,347082.0,test
4,3,S,missing,missing,Mr,7.775,0.0,0.0,74.0,347060.0,train
0,3,C,missing,missing,Miss,15.2458,1.0,1.0,9.0,2678.0,train
9,1,S,D,PC,Miss,39.4,0.0,1.0,16.0,17592.0,test
3,2,S,missing,missing,Mrs,26.0,1.0,0.0,44.0,244252.0,train
5,3,S,missing,missing,Mrs,9.35,0.0,1.0,18.0,392091.0,train
9,1,S,missing,missing,Mrs,164.8667,1.0,1.0,45.0,36928.0,train
7,1,S,E,missing,Mr,26.55,0.0,0.0,51.0,113055.0,train
0,3,C,missing,missing,Mrs,19.2583,0.0,3.0,24.0,2666.0,test
0,3,C,missing,missing,Mr,7.2292,0.0,0.0,29.69911764705882,2629.0,train
4,3,S,missing,missing,Mr,14.1083,2.0,0.0,41.0,350026.0,train
9,2,S,missing,missing,Mr,11.5,1.0,0.0,21.0,28134.0,test
9,1,S,D,missing,Mrs,25.9292,0.0,0.0,48.0,17466.0,test
0,3,S,missing,CA,Miss,69.55,8.0,2.0,29.69911764705882,2343.0,train
3,2,S,missing,missing,Mr,13.0,0.0,0.0,24.0,233866.0,train
3,2,S,missing,missing,Mrs,13.0,0.0,0.0,42.0,236852.0,train
0,2,C,missing,SCPARIS,Miss,13.8583,1.0,0.0,27.0,2149.0,train
9,1,S,A,PC,Mr,50.4958,0.0,0.0,31.0,17590.0,train
4,3,S,missing,missing,Mr,9.5,0.0,0.0,29.69911764705882,345777.0,test
4,3,S,missing,missing,Master,11.1333,1.0,1.0,4.0,347742.0,train
4,3,S,missing,missing,Mr,7.8958,0.0,0.0,26.0,349248.0,test
0,1,S,D,missing,Mrs,52.5542,1.0,1.0,47.0,11751.0,train
0,1,S,B,missing,Mr,5.0,0.0,0.0,33.0,695.0,train
4,3,S,missing,missing,Mr,9.0,0.0,0.0,47.0,345765.0,test
0,2,C,missing,PPP,Mrs,24.0,1.0,0.0,28.0,3381.0,train
0,3,C,missing,missing,Miss,7.225,0.0,0.0,15.0,2667.0,test
0,3,S,missing,missing,Mr,9.8458,0.0,0.0,20.0,7534.0,test
4,3,S,missing,missing,Mr,7.8958,0.0,0.0,19.0,349212.0,train
4,3,S,missing,missing,Mr,7.8958,0.0,0.0,29.69911764705882,349217.0,test
0,1,C,C,missing,Mrs,83.1583,0.0,1.0,56.0,11767.0,train
3,2,S,missing,missing,Mrs,26.0,0.0,1.0,25.0,230433.0,train
4,3,S,missing,missing,Mr,7.8958,0.0,0.0,33.0,349257.0,test
0,3,S,missing,missing,Miss,10.5167,0.0,0.0,22.0,7552.0,train
9,2,S,missing,LOW,Mr,10.5,0.0,0.0,28.0,34068.0,train
5,3,S,missing,SOTONOQ,Mr,7.05,0.0,0.0,25.0,392076.0,train
5,3,Q,missing,missing,Mrs,29.125,0.0,5.0,39.0,382652.0,train
3,2,S,missing,missing,LOW,13.0,0.0,0.0,27.0,211536.0,train
7,1,S,B,missing,Miss,30.0,0.0,0.0,19.0,112053.0,train
0,3,S,missing,WC,Miss,23.45,1.0,2.0,29.69911764705882,6607.0,train
7,1,C,C,missing,Mr,30.0,0.0,0.0,26.0,111369.0,test
5,3,Q,missing,missing,Mr,7.75,0.0,0.0,32.0,370376.0,train
